cluster_id,title,summary,url,source,published_dt,scraped_at
0,"תאונה קשה באזור מצדה: נער בן 16 נהרג, 3 צעירים נפצעו","מותו של הנער נקבע במקום, בעקבות תאונה עצמית של הרכב בכביש 90 • נער נוסף נפצע קשה ופונה במסוק לביה""ח הדסה עין כרם עם חבלה רב מערכתית • שניים נוספים פונו לביה""ח במצב בינוני עם חבלות בראש ובגפיים • צוות מד""א שהוזעק לזירת התאונה סיפר: ""הרכב היה עם פגיעות פח קשות בשטח עפר, והנוסעים היו מוטלים מחוצה לו""",https://www.mako.co.il/news-israel/2025_q3/Article-1d8dd141a887891027.htm,n12,2025-08-05T05:56:00,2025-08-06T20:41:23.919212
0,"תאונה קטלנית בנגב: גבר נהרג, תינוק נפצע באורח קשה","תאונת דרכים קשה אירעה בצומת תל ערד, בין משאית לרכב פרטי • גבר בן 35 נהרג, שלושה בני אדם נוספים נפצעו בהם תינוק בן שנה במצב קשה עם חבלה רב-מערכתית • חובשי מד""א ישעיהו שלום רחבי ועארף אבו נגא סיפרו: ""מדובר בתאונה קשה מאוד, שני פצועים היו לכודים ברכב והאחרים על הכביש""",https://www.mako.co.il/news-israel/2025_q3/Article-2522cdd9ee58891027.htm,n12,2025-08-07T20:25:00,2025-08-10T12:30:15.687492
0,שני רוכבי אופנוע נהרגו מפגיעת רכב בגליל העליון,"התאונה הקטלנית התרחשה בכביש 90, סמוך למושב שדה אליעזר • צוותי מד""א שהוזעקו לזירה קבעו את מותם של הרוכבים, בשנות ה-20 לחייהם, במקום • נוסעי הרכב, גבר ואישה כבני 70, פונו לבית חולים במצב בינוני • פרמדיק מד""א: ""תאונה קשה מאוד, האופנועים עלו באש""",https://www.mako.co.il/news-israel/2025_q3/Article-2cb08afb5b1b891027.htm,n12,2025-08-16T08:40:00,2025-08-19T14:56:32.256718
0,"הותר לפרסום: בתאונת הדרכים הקטלנית בצפון נהרגו שני לוחמי מג""ב","רס""ל תומר אליהו קליפי ורס""ל גל יוסף ז""ל רכבו על אופנועים - ונפגעו מרכב • צוותי מד""א שהגיעו למקום נאלצו לקבוע את מותם במקום • חברים סיפרו על תומר: ""נתן את הלב שלו לכולם, היה מקצועי ברמות הגבוהות ביותר""",https://www.mako.co.il/news-israel/2025_q3/Article-e9e29f95ac3b891026.htm,n12,2025-08-16T18:04:00,2025-08-19T14:56:32.256718
0,"אסון מול חופי יפו: אדם טבע למוות, מחלץ נהרג מפגיעת סירה","ארבעה בני אדם היו במצוקה במים שמול חופי יפו • כמה מהם ניסו לחלץ אדם שטבע, ואחד נפגע ממדחף סירת ונהרג • צוותי ההצלה קבעו גם את מותו של האדם שטבע, ושניים נוספים פונו לבתי חולים במצב קשה ובינוני • ""כשהגענו לחוף הייתה המולה"", סיפרו חובשי מד""א",https://www.mako.co.il/news-israel/2025_q3/Article-027f6f5c004b891026.htm,n12,2025-08-16T19:01:00,2025-08-19T14:56:32.256718
1,"גדי איזנקוט: ""אני יכול להיות ראש ממשלת ישראל""","פחות מחודש עבר מאז היפרדותם של שני הרמטכ""לים לשעבר גנץ ואיזנקוט ומאז, האחרון שמר על שתיקה • בראיון מיוחד ל""חדשות סוף השבוע"", סיפר איזנקוט על השיחה האחרונה עם השותף לשעבר ועל רה""מ נתניהו ש""טרפד עסקאות חטופים בגלל פוליטיקה"" לדבריו • הרמטכ""ל והשר לשעבר סיפר גם על ההתמודדות עם מות בנו: ""אנחנו משפחה שמחה שממשיכה את החיים - יחד עם הכאב הגדול"" • ריאיון מיוחד",https://www.mako.co.il/news-israel/2025_q3/Article-fe4cd0f94094891027.htm,n12,2025-07-27T06:25:00,2025-07-29T16:04:55.843915
1,"מתיחות בין הרמטכ""ל לנתניהו - או ספין המונע מאינטרסים?",11:19,https://www.c14.co.il/article/1287503,channel14,,2025-08-05T19:55:05.581867
2,ברקע הגברת התקיפות הרוסיות: טראמפ וזלנסקי קיימו שיחת טלפון,שיתוף הפעולה האוקראיני-אמריקני מעלה הילוך,https://www.c14.co.il/article/1288025,channel14,2025-08-05T18:55:05.577551,2025-08-05T19:55:05.578520
2,"זלנסקי ""הזדעזע"": ההצעה של פוטין להפסקת אש, והתגובה האירופית","הנשיא האוקראיני אמר כי המדינה "" לא תוותר על אדמתה""",https://www.c14.co.il/article/1290451,channel14,2025-08-10T11:30:16.064351,2025-08-10T12:30:16.064351
2,מנהיגי אירופה מפגינים אופטימיות זהירה לאחר השיחות בבית הלבן,אחרי שלוש וחצי שנות מלחמה: פוטין וזלנסקי יסכימו להיפגש?,https://www.c14.co.il/article/1298948,channel14,2025-08-19T14:35:32.701749+03:00,2025-08-19T14:56:32.696710+03:00
3,"בית""ר ירושלים דרסה את הפועל חיפה ועלתה לגמר מול הפועל ת""א",,https://www.c14.co.il/article/1298290,channel14,2025-08-18T21:51:00+03:00,2025-08-19T14:56:32.696710+03:00
3,"בית""ר ירושלים בטירוף לקראת ריגה: ""באירופה אין מקום לטעויות""",07.08.25,https://www.c14.co.il/article/1289452,channel14,NaT,2025-08-10T12:30:16.068487
3,"על סף הדחה: בית""ר ירושלים הובסה 0:3 ע""י ריגה בקונפרנס ליג",07.08.25,https://www.c14.co.il/article/1289687,channel14,NaT,2025-08-10T12:30:16.068487
3,"""ממש כמו בישיבה"": הצצה מיוחדת לחטיבת 'חשמונאים' | צפו",08.08.25,https://www.c14.co.il/article/1289898,channel14,NaT,2025-08-10T12:30:16.067456
3,"דרמה בברצלונה: הקפטן הראשון הודח, בלם הקבוצה בדרך לעזוב",08.08.25,https://www.c14.co.il/article/1289910,channel14,NaT,2025-08-10T12:30:16.068487
3,"סמוטריץ' נגד נתניהו: ""ההצעה נשמעת טוב, אך היא מאותו הדבר""",08.08.25,https://www.c14.co.il/article/1289987,channel14,NaT,2025-08-10T12:30:16.066351
3,מי עומד מאחורי התעצמות האנטישמיות באירופה?,08.08.25,https://www.c14.co.il/article/1290049,channel14,NaT,2025-08-10T12:30:16.067456
4,"""חברות הסיעוד, המטפלות וביטוח לאומי - כולם יודעים"" | עוקץ הקשישים שמתבצע בחסות החוק","על גבם של כרבע מיליון קשישים בישראל מתבצעת גזירת קופון של מיליארדים, מצד חברות הסיעוד שאמורות לספק שירותים לגמלאים זכאים • המטפלות שנשלחות לבתים, מקצרות באופן משמעותי את שעות העבודה, והחברות, שמרוויחות פי 2 מהשכר השעתי של המטפלות - לא טורחות לבדוק את איכות השירות • ""זו הפקרות ורמאות, כולם מכירים את התופעה - אף אחד לא מונע אותה"", מספרת מיכל, קשישה בת 91",https://www.mako.co.il/news-israel/2025_q3/Article-4aea598d6777891027.htm,n12,2025-08-05T05:52:00,2025-08-06T20:41:23.919212
4,הפקרה מערכתית: כך מגדל וביטוח ישיר שוברות את רוח הלוחמים,לוחמים עם פוסט-טראומה מודרים מביטוחים חיוניים,https://www.c14.co.il/article/1287889,channel14,2025-08-05T17:55:05.577551,2025-08-05T19:55:05.577551
5,"טראמפ צפוי להכריז: השקעת עתק נוספת של אפל בארה""ב",המטרה - העברת חלק גדול משרשרת האספקה של החברה לאמריקה,https://www.c14.co.il/article/1289058,channel14,2025-08-06T18:41:24.315230,2025-08-06T20:41:24.315230
5,לראשונה מזה 5 שנים: הזינוק של חברת אפל - והסיבה מאחוריו,מניית אפל זינקה השבוע בעלייה השבועית הגבוהה ביותר מ-2020,https://www.c14.co.il/article/1290487,channel14,2025-08-10T11:30:16.064351,2025-08-10T12:30:16.064351
5,הצעד האמריקני חסר התקדים נגד אוניברסיטה בשל פגיעה ביהודים,"לראשונה בארה""ב: סערה תקציבית באוניברסיטה הנחשבת",https://www.c14.co.il/article/1289393,channel14,,2025-08-07T15:06:33.355213
6,סלט תירס חלבוני בסגנון צ'יפוטלה - שישדרג כל ארוחה,אילו טניסאים או טניסאיות תמכו בישראל מאז 7 באוקטובר?,https://www.c14.co.il/article/1287599,channel14,2025-08-06T21:30:00,2025-08-07T15:06:33.358207
6,אל תזרקו - תשדרגו: קרואסון שקדים אגדי משאריות,אילו טניסאים או טניסאיות תמכו בישראל מאז 7 באוקטובר?,https://www.c14.co.il/article/1287620,channel14,2025-08-06T21:30:00,2025-08-07T15:06:33.358207
6,הסוף לניחושים: המדריך לביצה המושלמת - מרכה ועד קשה,אילו טניסאים או טניסאיות תמכו בישראל מאז 7 באוקטובר?,https://www.c14.co.il/article/1287629,channel14,2025-08-06T21:30:00,2025-08-07T15:06:33.358207
6,הקפה שלכם מר? זו כנראה הסיבה: המדריך למשקה הביתי המושלם,אילו טניסאים או טניסאיות תמכו בישראל מאז 7 באוקטובר?,https://www.c14.co.il/article/1288418,channel14,2025-08-06T21:30:00,2025-08-07T15:06:33.358207
6,אוכל,אילו טניסאים או טניסאיות תמכו בישראל מאז 7 באוקטובר?,https://www.c14.co.il/article/1289114,channel14,2025-08-06T21:30:00,2025-08-07T15:06:33.357209
6,חזה עוף בתוספת בצלים מקורמלים: המנה המושלמת לכל ארוחה,אילו טניסאים או טניסאיות תמכו בישראל מאז 7 באוקטובר?,https://www.c14.co.il/article/1289114,channel14,2025-08-06T21:30:00,2025-08-07T15:06:33.358207
6,אחותה של כוכבת הטניס התגיירה - המשפחה כולה ספגה איומי מוות,אילו טניסאים או טניסאיות תמכו בישראל מאז 7 באוקטובר?,https://www.c14.co.il/article/1289280,channel14,2025-08-06T21:30:00,2025-08-07T15:06:33.358207
6,סלט תירס חלבוני בסגנון צ'יפוטלה - שישדרג כל ארוחה,"לאחר קבלת הפנים החמה, התקשורת הטורקית תקפה את הכדורגלן",https://www.c14.co.il/article/1287599,channel14,,2025-08-06T20:41:24.318228
6,אל תזרקו - תשדרגו: קרואסון שקדים אגדי משאריות,"לאחר קבלת הפנים החמה, התקשורת הטורקית תקפה את הכדורגלן",https://www.c14.co.il/article/1287620,channel14,,2025-08-06T20:41:24.318228
6,הסוף לניחושים: המדריך לביצה המושלמת - מרכה ועד קשה,"לאחר קבלת הפנים החמה, התקשורת הטורקית תקפה את הכדורגלן",https://www.c14.co.il/article/1287629,channel14,,2025-08-06T20:41:24.318228
6,"טורקיה סוערת מהגעתו של דיא סבע: ""הוא תיאר את חמאס כרוצחים""","לאחר קבלת הפנים החמה, התקשורת הטורקית תקפה את הכדורגלן",https://www.c14.co.il/article/1288352,channel14,,2025-08-06T20:41:24.318228
6,"טורקיה סוערת מהגעתו של דיא סבע: ""הוא תיאר את חמאס כרוצחים""",אתמול 01:54,https://www.c14.co.il/article/1288352,channel14,,2025-08-07T15:06:33.358207
6,הקפה שלכם מר? זו כנראה הסיבה: המדריך למשקה הביתי המושלם,"לאחר קבלת הפנים החמה, התקשורת הטורקית תקפה את הכדורגלן",https://www.c14.co.il/article/1288418,channel14,,2025-08-06T20:41:24.318228
6,אוכל,"לאחר קבלת הפנים החמה, התקשורת הטורקית תקפה את הכדורגלן",https://www.c14.co.il/article/1289114,channel14,,2025-08-06T20:41:24.317228
6,חזה עוף בתוספת בצלים מקורמלים: המנה המושלמת לכל ארוחה,"לאחר קבלת הפנים החמה, התקשורת הטורקית תקפה את הכדורגלן",https://www.c14.co.il/article/1289114,channel14,,2025-08-06T20:41:24.318228
7,ההתערבות של הלל ביטון רוזן ושמעון ריקלין בשידור חי,המגיש הוסיף את התאריך ליומן | צפו,https://www.c14.co.il/article/1288878,channel14,2025-08-06T15:41:24.315230,2025-08-06T20:41:24.315230
7,צפו: זה המהלך הביזארי של הברזילאים בטורניר הידידות - והסיבה,,https://www.c14.co.il/article/1297863,channel14,2025-08-18T16:00:00+03:00,2025-08-19T14:56:32.696710+03:00
8,אחרי עשרות שנים: שגרירות ישראל בזמביה נפתחת מחדש,שר החוץ יוצא לביקור מדיני ביבשת השחורה,https://www.c14.co.il/article/1298522,channel14,2025-08-19T09:56:32.701749+03:00,2025-08-19T14:56:32.696710+03:00
8,המנהיגים חלשים - ומהגרים משתלטים על היבשת | פרויקט מיוחד,ביבשת הישנה ממשיכים לעצום עיניים | חלק שני בסדרה,https://www.c14.co.il/article/1281635,channel14,,2025-08-07T15:06:33.354212
9,תינוקת נכוותה משמן רותח באשדוד - מצבה קשה,"לדברי צוות מד""א שהגיע לדירה באשדוד, שמן רותח נשפך על הפעוטה בת התשעה חודשים • חובשים ופראמדיקים העניקו לה טיפול רפואי ופינו אותה למרכז לטיפול בכוויות בבית החולים שיבא • היא סובלת מכוויות בדרגה ב'",https://www.mako.co.il/news-israel/2025_q3/Article-aafeeeb5ebd3891027.htm,n12,2025-07-24T20:00:00,2025-07-29T16:04:55.844915
9,אישה נפצעה מירי תועה בכותל. המשטרה בודקת את הנסיבות,חייל שחצה את הגשר מעל רחבת הנשים בכותל המערבי ככל הנראה פלט כדור – ממנו נפצעה האישה • האישה שנפצעה באורח קל פונתה לקבלת טיפול רפואי בבית החולים • במשטרה פתחו בחקירת נסיבות המקרה,https://www.mako.co.il/news-israel/2025_q3/Article-0c9639a73e15891026.htm,n12,2025-07-28T18:00:00,2025-07-29T16:04:55.843915
9,רימון הושלך לעבר בית באשדוד: בת 16 במצב קשה ו-3 פצועות נוספות,"אלמונים השליכו רימון רסס לעבר בית • כתוצאה מהפיצוץ - בת 16 נפצעה קשה, 3 צעירות נוספות במצב בינוני • המשטרה פתחה בחקירת האירוע. הרקע - ככל הנראה פלילי",https://www.mako.co.il/news-israel/2025_q3/Article-47bfe4effa09891027.htm,n12,2025-08-09T23:39:00,2025-08-10T12:30:15.687492
10,"האב השכול נגד מכתב האמנים: ""אין צבא מוסרי יותר מהצבא שלנו""",לפני 4 שעות,https://www.c14.co.il/article/1287681,channel14,2025-08-05T15:55:05.581867,2025-08-05T19:55:05.581867
10,"""לא יכולים לשבת בשקט"": האב השכול על התלונה נגד רונן בר",,https://www.c14.co.il/article/1298156,channel14,2025-08-18T18:56:00+03:00,2025-08-19T14:56:32.696710+03:00
10,"אריאל זילבר על מכתב האמנים: ""עשו את האג'נדה שלהם לשל החמאס""","לדבריו, ""הם התנתקו מחללית האם. זה איום ונורא""",https://www.c14.co.il/article/1289363,channel14,,2025-08-07T15:06:33.357209
11,"662 ימים בשבי: ""דחינו את החתונה בגלל המו""מ על עסקה - ואז היא התפוצצה""","שחר, בנו היחיד של החטוף איתן לוי, היה אמור להתחתן עם ארוסתו שיר בחודש הבא • בצל המשא ומתן והשיח על עסקה, בני הזוג בחרו לדחות את החתונה - אבל אז העסקה התפוצצה • ""איך אפשר לתכנן חתונה בלי אבא?"", אמר שחר בריאיון ל-N12. ""אם הייתה לי אפשרות לחזור בזמן ולעצור אותו - הייתי עושה את זה בכל דרך""",https://www.mako.co.il/news-israel/2025_q3/Article-e9c5270aee25891026.htm,n12,2025-07-29T05:44:00,2025-07-29T16:04:55.843915
11,"עדי ובן זוגה נקלעו להפגנת החרדים הקיצוניים - והותקפו באלימות: ""כמו לינץ'"" | תיעוד","בני הזוג, שעשו ביחד 500 ימי מילואים מאז 7 באוקטובר, הגיעו להפגנה בגלל טעות בוויז • הם רק ניסו להגיע לביקור אצל ההורים, אחרי חודש של מבחנים - ולא דמיינו שיותקפו בידי עשרות: ""הם זרקו עלינו חפצים - שמשות הרכב נופצו"" • 20 דקות מורטות עצבים עברו על בני הזוג - עד שהמשטרה הגיעה • ""סבא רבא שלי שרד את השואה, אני תוהה איפה עשינו את הטעות בדרך"", סיפרה בכאב",https://www.mako.co.il/news-israel/2025_q3/Article-32d4d10b1068891026.htm,n12,2025-08-07T21:01:00,2025-08-10T12:30:15.687492
12,טרגדיה בכביש 4: בן 37 נהרג בהתנגשות בין אופנוע לרכב,לפני 5 שעות,https://www.c14.co.il/article/1289480,channel14,,2025-08-07T15:06:33.359207
12,דרמה בכביש: גנב רכב נעצר בתום מרדף שכלל ירי מדויק | תיעוד,לפני 3 שעות,https://www.c14.co.il/article/1290434,channel14,NaT,2025-08-10T12:30:16.069489
13,"עינב צנגאוקר חסמה נתיבים באיילון: ""היינו קרובים לעסקה, מדינה שלמה בוכה""","על רקע ההחלטה שהתקבלה בקבינט על כיבוש העיר עזה, אימו של החטוף מתן צנגאוקר ערכה ""שולחן שבת"" בנתיבי איילון • ""היינו קרובים לעסקה שתציל את החטופים, איך חברי הקבינט הצביעו על איבוד ערך הצלת חיים?"" • צנגאוקר קראה לסיום המלחמה: ""הגיע הזמן שישראל תשים על השולחן יוזמה כוללת ובעלת היתכנות""",https://www.mako.co.il/news-israel/2025_q3/Article-8cef463167a8891026.htm,n12,2025-08-08T17:57:00,2025-08-10T12:30:15.687492
13,"המונים השתתפו בעצרת למען החטופים, שרון קוניו לממשלה: ""אם יקרה משהו לדוד או לכל חטוף - זה על הידיים שלכם""","על רקע ההסלמה בלחימה והאיום הממשי לחיי החטופים, התמלאה הערב כיכר החטופים בתל אביב בזעקת המשפחות - קריאות נואשות, נאומים חודרי לב, ""מיצג רעב"" וצעדה סביב הקריה • ""נגמרו לי המילים, אני על סף התפרקות"", זעקה לישי, אשתו של החטוף עומרי מירן • המשפחות מחריפות את המאבק: יכריזו מחר על המועד שבו יושבת המשק • המוחים חסמו, באופן לא חוקי, את נתיבי איילון בכמה מוקדים",https://www.mako.co.il/news-israel/2025_q3/Article-0f89287b93f8891026.htm,n12,2025-08-09T15:51:00,2025-08-10T12:30:15.687492
13,"שורדי שבי ומשפחות חטופים הקימו מאהל מול ביתו של שר הביטחון כ""ץ","יאיר הורן, ששוחרר משבי חמאס ואחיו איתן נשאר מאחור, נשא דברים בקבלת השבת שערכו המשתתפים: ""הם סובלים מרעב ומחוסר ודאות, תחושה שלאף אחד לא אכפת ממך"" • שורדת השבי אילנה גריצווסקי, בת הזוג של החטוף מתן צנגאוקר, קראה לכ""ץ: ""בוא תראה את הסבל שלנו, אתם מקריבים את החטופים ואת החיילים""",https://www.mako.co.il/news-israel/2025_q3/Article-8f4b1adab1ea891026.htm,n12,2025-08-15T17:30:00,2025-08-19T14:56:32.256718
13,"""חשש שלא יהיה את מי להחזיר"": המונים השתתפו בעצרת המרכזית ב""יום העצירה""","המונים מילאו את כיכר החטופים בתל אביב • תיעוד חדש של מתן צנגאוקר מהשבי נחשף, אמו עינב קראה: ""מתן - אתה גיבור שלי, אנחנו בדרך להציל את כולם"" • לישי מירן לבעלה: ""אתה עוד תשמע את המילה 'אבא'"" • שר הביטחון לשעבר גלנט: ""צריך להחזיר את החטופים ורק אחר כך להשמיד את חמאס"" • אחרי עצרת הענק: מאות צעדו למטה הליכוד והבעירו אש | עדכונים שוטפים",https://www.mako.co.il/news-israel/2025_q3/Article-ae89dbc7ce4b891027.htm,n12,2025-08-17T05:00:00,2025-08-19T14:56:32.256718
14,"מכה לבית""ר: עומר אצילי לא כשיר למשחק הראשון מול ריגה",אתמול 18:00,https://www.c14.co.il/article/1287990,channel14,2025-08-05T17:05:00,2025-08-06T20:41:24.318228
14,"""חמאס ביצע גול עצמי"": הכותרות בעולם על הסרטון המזעזע",אתמול 18:00,https://www.c14.co.il/article/1286997,channel14,,2025-08-05T19:55:05.581867
14,בעולם,‌,https://www.c14.co.il/article/1298515,channel14,,2025-08-19T14:56:32.696710+03:00
14,בעולם,,https://www.c14.co.il/article/article/article/1288074,channel14,,2025-08-05T19:55:05.580079
15,בדקה ה-90: כך חוסל פרויקט דיוק הטילים של חיזבאללה | בלעדי,אתמול 21:00,https://www.c14.co.il/article/1289131,channel14,2025-08-06T20:04:00,2025-08-07T15:06:33.356174
15,"""במצבו הגוף בקריסת מערכות"" : אח של אביתר דוד בריאיון מיוחד",אתמול 21:13,https://www.c14.co.il/article/1289267,channel14,2025-08-06T20:45:00,2025-08-07T15:06:33.357209
15,לאחר החיסולים במבצע ״עם כלביא״: זה הצעד הדרמטי של איראן,אתמול 21:00,https://www.c14.co.il/article/1290170,channel14,2025-08-09T20:11:00,2025-08-10T12:30:16.065351
15,סמוטריץ נגד נתניהו: ״איבדתי את האמון שרה״מ יכול ורוצה לנצח״,אתמול 21:47,https://www.c14.co.il/article/1290257,channel14,2025-08-09T20:43:00,2025-08-10T12:30:16.066351
15,"לא קל: נקבעו היריבות של בית""ר י-ם ומכבי חיפה בשלב הפלייאוף",אתמול 21:09,https://www.c14.co.il/article/1287231,channel14,,2025-08-05T19:55:05.582864
15,ניצחון נוסף בהכנה ליורובאסקט: 69-109 קליל לישראל על קפריסין,אתמול 21:00,https://www.c14.co.il/article/1290179,channel14,NaT,2025-08-10T12:30:16.067456
16,לקראת גל החום הקיצוני: תחזית מזג האוויר לסוף השבוע,06:11,https://www.c14.co.il/article/1289392,channel14,,2025-08-07T15:06:33.360208
16,השרב הקיצוני כבר כאן: כך תימנעו מפגיעות חום,משרד הבריאות פרסם שורה של המלצות | כל הפרטים,https://www.c14.co.il/article/1289422,channel14,,2025-08-07T15:06:33.354212
17,המועדון הגרמני שביטל את צירופו של השחקן הישראלי לשורותיו,13:45,https://www.c14.co.il/article/1287740,channel14,2025-08-04T21:09:00,2025-08-05T19:55:05.582864
17,אבי מעוז טוען: זה הגורם המרכזי שהוביל אותנו ל-7 באוקטובר,13:13,https://www.c14.co.il/article/1287706,channel14,,2025-08-05T19:55:05.580863
18,"הבריטים מבצעים טיסות סיור בשמי עזה, המטרה: איתור חטופים",במשרד ההגנה הבריטי אישרו כי הפעילות האווירית בעזה נמשכת,https://www.c14.co.il/article/1288110,channel14,2025-08-05T19:11:05.576552,2025-08-05T19:55:05.576552
18,"תקיפת אמל""ח וחיסול מחבלים: הלחימה בעזה נמשכת ללא הפוגה",לפני 4 שעות,https://www.c14.co.il/article/1288938,channel14,2025-08-06T15:41:24.316228,2025-08-06T20:41:24.316228
18,"תקיפת אמל""ח וחיסול מחבלים: הלחימה בעזה נמשכת ללא הפוגה",אתמול 15:50,https://www.c14.co.il/article/1288938,channel14,,2025-08-07T15:06:33.356174
19,הכדור בידיים של נתניהו: האם ימצא זמן להכריז על ריבונות?,,https://www.c14.co.il/article/1298268,channel14,2025-08-18T20:57:00+03:00,2025-08-19T14:56:32.696710+03:00
19,"יו""ר ועדת החוץ והביטחון: ""ריבונות חשובה מנורמליזציה""",,https://www.c14.co.il/article/1298599,channel14,2025-08-19T11:56:32.706899+03:00,2025-08-19T14:56:32.696710+03:00
19,"יוסי דגן בפגישה עם רה""מ נתניהו: ""ניצחון מוחלט זה ריבונות""","דגן הדגיש: ""רוב העם תומך בכך""",https://www.c14.co.il/article/1298883,channel14,2025-08-19T14:21:32.701749+03:00,2025-08-19T14:56:32.696710+03:00
20,"""רמטכ""ל פוליטי"": ביקורת בליכוד נגד כ""ץ - שדחף למינוי זמיר",זאת בעקבות הפוסט ההבהרה שפרסם שר הביטחון בנושא,https://www.c14.co.il/article/1289228,channel14,2025-08-06T20:28:24.315230,2025-08-06T20:41:24.315230
20,"שר הביטחון ברצועה: ""הצבא יבצע את המדיניות של הדרג המדיני""",13:01,https://www.c14.co.il/article/1287700,channel14,,2025-08-05T19:55:05.580863
21,ברקע החלטת הקבינט: ראש הממשלה צפוי לכנס הערב מסיבת עיתונאים,זאת על רקע ביקורת כי המבצע אינו מוביל להכרעה,https://www.c14.co.il/article/1290544,channel14,2025-08-10T11:30:16.064351,2025-08-10T12:30:16.064351
21,"חבר הקבינט הביטחוני: ""חמאס מהתל בנו - צריך לחתור להכרעה""",לפני 4 שעות,https://www.c14.co.il/article/1287533,channel14,,2025-08-05T19:55:05.581867
22,"השרים לרמטכ""ל: הבהר שתציית להחלטת הקבינט על כיבוש רצועת עזה",11:21,https://www.c14.co.il/article/1287528,channel14,2025-08-04T20:04:00,2025-08-05T19:55:05.581867
22,השרים מתקשים לקבל את הרחבת התקציב: ותוקפים את האוצר,"הממשלה תתכנס לאשר את תוספת התקציב למלחמה, אך נתקלת בקשיים: השרים בן גביר וקיש מאיימים - לא נתמוך בהצעה • עושים סדר",https://www.c14.co.il/article/1298800,channel14,,2025-08-19T14:56:32.696710+03:00
23,"בעקבות סרטון התבוסתנות בגל""צ: מגישת ערוץ 14 במסר ל""לשעברים""","""העובדה שזה שותף ברדיו של החיילים, זה דבר שהוא מזעזע כפליים""",https://www.c14.co.il/article/1287663,channel14,2025-08-05T16:55:05.581867,2025-08-05T19:55:05.581867
23,"""הענישה מאוד מקלה"": רכבו של מגיש ערוץ 14 נגנב בדרום",וגם - תיעוד דרמטי של רעולי פנים פורצים לתחנת דלק | צפו,https://www.c14.co.il/article/1298740,channel14,2025-08-19T13:56:32.701749+03:00,2025-08-19T14:56:32.696710+03:00
23,כמו ערוץ 14: הרשת הבריטית שניצחה ברייטינג ושברה את ה-BBC,זו פעם הראשונה שבה ה-BBC הפסידה את ההובלה במשך חודש מלא,https://www.c14.co.il/article/1288736,channel14,,2025-08-06T20:41:24.314197
24,"שון וייסמן מגיב לסערה בגרמניה: ""תמיד אעמוד לצד העם שלי""",לפני 4 שעות,https://www.c14.co.il/article/1287828,channel14,2025-08-05T15:55:05.582864,2025-08-05T19:55:05.582864
24,"ממשיכה לבנות: מכבי ת""א החתימה את הרכז ג'ף דאוטין ג'וניור",לפני 4 שעות,https://www.c14.co.il/article/1287785,channel14,,2025-08-05T19:55:05.582864
25,"הרמטכ""ל זמיר: ""תרבות המחלוקת היא חלק בלתי נפרד מההיסטוריה""","את הדברים אמר זמיר בערכת מצב רב זירתית של פורום המטכ""ל",https://www.c14.co.il/article/1289524,channel14,2025-08-07T14:06:33.354212,2025-08-07T15:06:33.354212
25,"הרמטכ""ל זמיר: ""אנחנו בעיצומה של מערכה רב-זירתית""",,https://www.c14.co.il/article/1298245,channel14,2025-08-18T20:34:00+03:00,2025-08-19T14:56:32.696710+03:00
25,"ח""כ עמית הלוי נגד זמיר: ""תוכנית כושלת שפגעה ביעדי המלחמה""",לפני 5 שעות,https://www.c14.co.il/article/1288833,channel14,,2025-08-06T20:41:24.317228
26,"השרה האוסטרלית תוקפת את ישראל: ""פוגעת במאמצים הבינלאומיים""",,https://www.c14.co.il/article/1298487,channel14,2025-08-19T09:56:32.701749+03:00,2025-08-19T14:56:32.696710+03:00
26,"""להיכנס בהם חזק יותר"": ליהיא גרינר תוקפת את מחאת האמנים",10:22,https://www.c14.co.il/article/1287458,channel14,,2025-08-05T19:55:05.581867
27,"האם יוכל לשוב ללשכת רה""מ? הדיון של יונתן אוריך בביהמ""ש",האם אוריך ישוב ללשכה? הפרטים על הדיון הקרוב,https://www.c14.co.il/article/1290432,channel14,2025-08-10T10:30:16.064351,2025-08-10T12:30:16.064351
27,גוטליב הוצאה בכוח מהדיון של יונתן אוריך וקראה למאבטח 'בהמה',,https://www.c14.co.il/article/1298556,channel14,2025-08-19T10:56:32.706899+03:00,2025-08-19T14:56:32.696710+03:00
27,"הסערה בביהמ""ש: הרשות השופטת בהודעה חריגה נגד גוטליב",,https://www.c14.co.il/article/1298667,channel14,2025-08-19T11:56:32.706899+03:00,2025-08-19T14:56:32.696710+03:00
28,תוך פחות מ-20 דקות: שני ילדים חולצו מרכבים עם סימני מכת חום,לפני 3 שעות,https://www.c14.co.il/article/1287940,channel14,2025-08-05T16:55:05.583865,2025-08-05T19:55:05.583865
28,ההבדל בין חיים למוות: כך תישמרו על הילדים שלכם מטביעה,לפני 13 דקות,https://www.c14.co.il/article/1289221,channel14,2025-08-06T19:41:24.320807,2025-08-06T20:41:24.320807
28,דקות לפני ההמראה: זה מה שגילו השוטרים על הטייס,צפו ברגעים הדרמטיים ממצלמות הגוף של השוטרים,https://www.c14.co.il/article/1298640,channel14,2025-08-19T11:56:32.701749+03:00,2025-08-19T14:56:32.696710+03:00
29,"ארה""ב: 5 חיילים נפגעו באירוע ירי בסמוך לבסיס צבאי בג'ורג'יה","אחד היורים נוטרל ונעצר, הרקע לא ברור",https://www.c14.co.il/article/1289189,channel14,2025-08-06T19:41:24.315230,2025-08-06T20:41:24.315230
29,בעקבות פניית C14: פרצה חמורה בבסיס תוקנה - באזיקונים בלבד,"חיילים התריעו מהסכנה: ""בינתיים הבסיס חשוף""",https://www.c14.co.il/article/1298468,channel14,2025-08-19T07:56:00+03:00,2025-08-19T14:56:32.696710+03:00
30,"658 ימים בשבי | אם החטוף: ""כל פעם שאני שומעת על מנהרה מופצצת - הבטן שלי מתהפכת""","מירב דניאל, אימא של סמל עוז דניאל שנחטף מטנק ב-7 באוקטובר, אמרה ל-N12 כי ""אני נגד פעולות חילוץ שמסכנות את החטופים ואת החיילים שלנו"" • עוד אמרה מירב: ""עסקה של פעימות היא עסקה גרועה, צריך להחזיר את כולם בעסקה אחת""",https://www.mako.co.il/news-israel/2025_q3/Article-fd28c3cc42d3891026.htm,n12,2025-07-25T06:28:00,2025-07-29T16:04:55.844915
30,"אביו של נמרוד כהן החטוף בעזה בריאיון: ""דבר אחד מוביל את נתניהו – שרידותו הפוליטית""","674 ימים שרב""ט נמרוד כהן ו-49 חטופים נמצאים בשבי חמאס בעזה • נמרוד, תותחן בחטיבה 7, נחטף לרצועת עזה יחד עם חבריו לטנק בבוקר 7 באוקטובר • בריאיון ל-N12 קורא יהודה כהן, אביו של נמרוד, לסיום המלחמה ומבקר את נתניהו: ""ההפגנות לא מעניינות אותו. הוא מתכוון לכבוש את הרצועה רק בספטמבר ומבחינתו שהחטופים ימותו עד אז""",https://www.mako.co.il/news-israel/2025_q3/Article-0ae43e4de529891026.htm,n12,2025-08-10T07:00:00,2025-08-10T12:30:15.687492
30,"משפחות החיילים שנחטפו מ""הטנק הבוער"" נחשפו לתיעוד אחרון שלהם במוצב לפני 7 באוקטובר","החיילים החטופים נמרוד כהן, סמל עוז דניאל ז""ל וסרן עומר נאוטרה ז""ל תועדו כמה ימים לפני השבת השחורה לצד יו""ר המתנדבים של האגודה למען החייל ציפורה חלפון • אמיר, אביו של עוז ז""ל שיתף: ""זה מאוד מרגש, לראות אותו ממש חי"" • לדברי האב, ""הוא עמד עם חצי חיוך מבויש, ציפורה ביקשה שיצלמו אותה 'עם החתיך הזה'""",https://www.mako.co.il/news-israel/2025_q3/Article-7f0da35a008b891027.htm,n12,2025-08-17T15:12:00,2025-08-19T14:56:32.256718
31,"יאניק סינר פרש בגמר, קרלוס אלקרס זכה בסינסינטי",,https://www.c14.co.il/article/1298475,channel14,2025-08-19T09:56:32.706899+03:00,2025-08-19T14:56:32.696710+03:00
31,כשתנסו פעם אחת - תבינו למה כולם חוזרים שוב...,"הבשר של ""לה מרשה"" זכה במקום הראשון בהשוואה לרשתות אחרות!",https://www.carrefour.co.il/categories/79830/products?utm_source=n14&utm_medium=Banner_stati&utm_content=lamarsh13.8&utm_campaign=lamarsh13.8,channel14,,2025-08-19T14:56:32.696710+03:00
32,"""השתיקה הורגת"": משפחות חטופים וחללים הכריזו – משביתים את המשק ביום ראשון","במסיבת עיתונאים משותפת הודיעו משפחות חטופים וחללים על החרפת המאבק וקראו לחברות פרטיות, ארגונים וועדי עובדים להצטרף אליהן • ענת אנגרסט, אימו של מתן החטוף בעזה הפצירה בציבור להצטרף למהלך: ""אל תגיעו לעבודה ביום ראשון תצילו את הילד שלי"" • ההסתדרות הודיעה שלא תצטרף למהלך, נציגי משפחות ייפגשו עם היו""ר בניסיון לגייסו לשביתה",https://www.mako.co.il/news-israel/2025_q3/Article-a1192aa1fa29891026.htm,n12,2025-08-10T09:00:00,2025-08-10T12:30:15.687492
32,"לקראת יום השביתה: מוקדי המחאה והלו""ז הצפוי","משפחות חטופים ומשפחות נרצחים הודיעו כי יקיימו ""יום עצירה"" • במסגרת יום המחאה תיערך שביתה בכמה מקומות, יהיו מחאות מקומיות בשורת צמתים - ויתקיימו אירועים בכיכר החטופים ובמוקדים נוספים • מטה משפחות החטופים: ""במהלך יום העצירה יכריזו המשפחות על צעדי ההמשך למאבק להשבת כל החטופים""",https://www.mako.co.il/news-israel/2025_q3/Article-feedcc43e23b891027.htm,n12,2025-08-16T17:15:00,2025-08-19T14:56:32.256718
32,"""הלוואי שהבן שלך ייחטף"": קצין יצא נגד המחאות - והותקף בשמאל","לדבריו, המחאות רק פוגעות בתחושת הסולידריות עם משפחות החטופים",https://www.c14.co.il/article/1298786,channel14,2025-08-19T14:36:32.701749+03:00,2025-08-19T14:56:32.696710+03:00
32,הכי קרוב ליקיריהם: משפחות החטופים יצאו למשט לכיוון עזה,"משפחות החטופים ינסו להגיע הכי קרוב ליקיריהם המחוזקים בשבי בעזה מתוך רצון שישמעו את זעקתם, ובכך להפיח בהם תקווה",https://www.c14.co.il/article/1289522,channel14,,2025-08-07T15:06:33.354212
33,"פרסום ראשון: השב""כ מונע ממתיישב עצור להשתתף בחתונת אחותו",לפני 4 שעות,https://www.c14.co.il/article/1287749,channel14,2025-08-05T15:55:05.580863,2025-08-05T19:55:05.580863
33,פרסום ראשון: המהלך החריג של הרב דב לנדו – מקדם הוצאת השקעות מהארץ,"במחאה על מעצר העריקים בימים האחרונים מנסה המנהיג הליטאי לקדם מהלך חרדי מתואם למשיכת ההשקעות הכספיות מישראל • ב""עדה החרדית"" חוששים שלמהלך עלולות להיות השלכות דרמטיות ""עד כדי קריסת הבנקים"", אך בכל זאת שוקלים את הבקשה • גורם במפלגות החרדיות לחדשות 12: קיבלנו מסר משר הביטחון לפיו אין כוונה לבצע מעצרים בערים חרדיות, בלשכת השר הכחישו את הדברים",https://www.mako.co.il/news-israel/2025_q3/Article-e829477c0a68891026.htm,n12,2025-08-08T06:40:00,2025-08-10T12:30:15.687492
34,"660 ימים בשבי: ""אמרתי לנתניהו – רונן הוא הבחור שנשאר בעוטף בכל מבצע צבאי ודווקא אותו הפקירו""","רונן אנגל, נחטף מקיבוץ ניר עוז יחד עם אשתו קרינה והבנות מיקה ויובל • אחרי 52 ימים, אשתו ובנותיו חזרו לישראל בעסקה, רונן נרצח בשבי וגופתו בעזה עד היום, כבר 660 ימים • דני אנגל, אחיו של רונן, שוחח עם רה""מ כשהגיע לבקר בניר עוז לראשונה מאז 7 באוקטובר • ""אמרתי לנתניהו: רונן היה הבחור הזה שנשאר בעוטף בכל מבצע צבאי – ודווקא אותו הפקירו. הוא לא התייחס"", סיפר דני",https://www.mako.co.il/news-israel/2025_q3/Article-a08ad0f94094891027.htm,n12,2025-07-27T04:37:00,2025-07-29T16:04:55.843915
35,"""בזכותו אני כאן"": המפגש המרגש בהופעה של עידן עמדי | צפו",כמה יעלה לכם כרטיס?,https://www.c14.co.il/article/1297024,channel14,2025-08-19T12:56:32.706899+03:00,2025-08-19T14:56:32.696710+03:00
35,רק אדם אחד ידע: גורד השחקים בניו יורק שהיה על סף קריסה,כמה יעלה לכם כרטיס?,https://www.c14.co.il/article/1297047,channel14,2025-08-19T12:56:32.706899+03:00,2025-08-19T14:56:32.696710+03:00
35,"כוכב ""סופרמן"" טרנס סטמפ - הלך לעולמו בגיל 87",כמה יעלה לכם כרטיס?,https://www.c14.co.il/article/1297498,channel14,2025-08-19T12:56:32.706899+03:00,2025-08-19T14:56:32.696710+03:00
35,"כשטיילור סוויפט הפכה ל""מנטורית"" של ראש ה-FBI לשעבר",כמה יעלה לכם כרטיס?,https://www.c14.co.il/article/1297820,channel14,2025-08-19T12:56:32.706899+03:00,2025-08-19T14:56:32.696710+03:00
35,הארי פוטר חוזר לבתי הקולנוע: האם הסרט עומד במבחן הזמן?,כמה יעלה לכם כרטיס?,https://www.c14.co.il/article/1297949,channel14,2025-08-19T12:56:32.706899+03:00,2025-08-19T14:56:32.696710+03:00
35,לאחר יותר מעשור: אל על חוזרת לטוס ליעד האהוב,כמה יעלה לכם כרטיס?,https://www.c14.co.il/article/1298732,channel14,2025-08-19T12:56:32.706899+03:00,2025-08-19T14:56:32.696710+03:00
36,"מנהיג חיזבאללה תוקף את ההצעה האמריקנית: ""לא נתפרק מנשקנו""","""איננו מקבלים שום הסכם חדש מעבר לזה הנוכחי"", אמר",https://www.c14.co.il/article/1288115,channel14,2025-08-05T19:26:05.576552,2025-08-05T19:55:05.576552
36,בתמיכת צרפת ואנגליה: אבו מאזן שוקל להכריז על מדינה פלשתינית,"כך אמר מנהיג פלשתיני לעיתון המזוהה עם קטאר ""אלערבי אלג'דיד""",https://www.c14.co.il/article/1290436,channel14,2025-08-10T09:30:16.063351,2025-08-10T12:30:16.064351
37,"ינפץ את שיא ההעברות של הליגה: כוכב טוטנהאם עובר לארה""ב",אתמול 11:30,https://www.c14.co.il/article/1288479,channel14,2025-08-06T01:54:00,2025-08-07T15:06:33.358207
37,"""מאכילים את המחבלים שמרעיבים את חטופינו - זה חייב להיפסק""",11:34,https://www.c14.co.il/article/1288615,channel14,,2025-08-06T20:41:24.317228
38,טבריה: ילד בן 10 טבע בבריכה - מצבו קשה,לפני כשעה,https://www.c14.co.il/article/1289178,channel14,2025-08-06T18:41:24.320807,2025-08-06T20:41:24.320807
38,פעוטה בת 3 טבעה בבריכה בטמרה - כוחות ההצלה מבצעים בה החייאה,לפני כשעה,https://www.c14.co.il/article/1289206,channel14,2025-08-06T19:41:24.320807,2025-08-06T20:41:24.320807
38,מבחן הצביטה: כך תדעו תוך 3 שניות אם אתם שותים מספיק מים,לפני כשעה,https://www.c14.co.il/article/1290528,channel14,2025-08-10T10:30:16.069489,2025-08-10T12:30:16.069489
39,כלכלה,‌,https://www.c14.co.il/article/1297930,channel14,,2025-08-19T14:56:32.696710+03:00
39,כלכלה,,https://www.c14.co.il/article/article/article/article/article/1287979,channel14,,2025-08-05T19:55:05.580079
40,"פרקליט המדינה: ""ההחלטה על סיום כהונת היועמ""שית מנוגדת לדין""",וגם - ההבהרה החריגה לעובדי הפרקליטות בעקבות החלטת הממשלה,https://www.c14.co.il/article/1287897,channel14,2025-08-05T16:55:05.580863,2025-08-05T19:55:05.580863
40,"היועמ""שית לבג""ץ: ""הממשלה לא שללה הטבות מחרדים שלא התגייסו""",תגובת היועצת המשפטית לממשלה לעתירה בנושא חוק הגיוס,https://www.c14.co.il/article/1288005,channel14,2025-08-05T17:55:05.577551,2025-08-05T19:55:05.577551
40,"השר קרעי לעובדים במשרדו: התעלמו מהחלטות היועמ""שית לשעבר","שר התקשורת הדגיש: ""החלטת הממשלה נכנסה לתוקף לאלתר""",https://www.c14.co.il/article/1288009,channel14,2025-08-05T18:55:05.576552,2025-08-05T19:55:05.576552
40,השופט עמית קבע: 9 שופטים ידונו בהדחת היועמ״שית,"זאת לאחר הקביעה כי ההחלטה על פיטורי היועמ""שית מושהית",https://www.c14.co.il/article/1289494,channel14,2025-08-07T11:06:33.354212,2025-08-07T15:06:33.354212
40,"לקראת הדיון: המהלך החריג של הממשלה בעתירה נגד היועמ""שית",מדובר בהתפתחות חריגה לעומת מקרים קודמים,https://www.c14.co.il/article/1289449,channel14,2025-08-07T13:06:33.354212,2025-08-07T15:06:33.354212
41,עושה זאת שוב: טראמפ רומז על כהונה שלישית - האם זה אפשרי?,"בחנות הרשמית כבר משווקים מוצרים עם הסלוגן ""טראמפ 2028""",https://www.c14.co.il/article/1288033,channel14,2025-08-05T18:55:05.576552,2025-08-05T19:55:05.576552
41,בתיווך הבית הלבן: האם הסכסוך בדרום הקווקז  לקראת סיום?,הנשיא טראמפ יארח פסגת שלום בין אזרבייג'ן לארמניה בוושינגטון,https://www.c14.co.il/article/1289214,channel14,2025-08-06T19:45:24.315230,2025-08-06T20:41:24.315230
41,המסדרון שמסעיר את הקווקז: איראן נגד מהלך השלום של טראמפ,האם הסכם השלום ההיסטורי בסכנה?,https://www.c14.co.il/article/1290585,channel14,2025-08-10T12:23:16.064351,2025-08-10T12:30:16.064351
42,חוק הגיוס: האם הצדדים באמת רוצים לראות אותו מגיע? // פרשנות,לפני 5 שעות,https://www.c14.co.il/article/1288879,channel14,2025-08-06T15:41:24.317228,2025-08-06T20:41:24.317228
42,"תנו לרמטכ""ל פקודה לכבוש את הרצועה ותבחנו אותו במעשים",רק אז יתברר אם מדינת ישראל באמת מוכנה ללכת עד הסוף - או שמדובר בעוד סבב של רטוריקה חסרת כיסוי | פרשנות,https://www.c14.co.il/article/1287991,channel14,,2025-08-05T19:55:05.576552
43,לאחר המינוי: התיעוד המפתיע של בועז ביסמוט וינון מגל,"לטענת סולברג: ""לא הונחה התשתית העובדתית"" כדי לקבל את העתירה",https://www.c14.co.il/article/1287525,channel14,2025-08-06T20:37:24.319230,2025-08-06T20:41:24.319230
43,תרבות ובידור,"לטענת סולברג: ""לא הונחה התשתית העובדתית"" כדי לקבל את העתירה",https://www.c14.co.il/article/1288454,channel14,2025-08-06T20:37:24.319230,2025-08-06T20:41:24.319230
43,"""שורף קצת, אבל עושה את העבודה"": הסטנדאפ שקרע את סטורי לילה","לטענת סולברג: ""לא הונחה התשתית העובדתית"" כדי לקבל את העתירה",https://www.c14.co.il/article/1288454,channel14,2025-08-06T20:37:24.319230,2025-08-06T20:41:24.319230
43,"אבי ביטר נגד מכתב האמנים: ""כל העולם שונא אותנו בגללם"" | צפו","לטענת סולברג: ""לא הונחה התשתית העובדתית"" כדי לקבל את העתירה",https://www.c14.co.il/article/1287446,channel14,2025-08-06T20:37:24.320772,2025-08-06T20:41:24.320807
43,"עידן עמדי על הספינים נגדו: ""אני שונא מלחמות - אלו דברי שקר""","לטענת סולברג: ""לא הונחה התשתית העובדתית"" כדי לקבל את העתירה",https://www.c14.co.il/article/1287273,channel14,2025-08-06T20:37:24.320807,2025-08-06T20:41:24.320807
43,"בג""ץ קבע: ליועמ""שית אין ניגוד עניינים עם ראשי השב""כ לשעבר","לטענת סולברג: ""לא הונחה התשתית העובדתית"" כדי לקבל את העתירה",https://www.c14.co.il/article/1289257,channel14,2025-08-06T20:37:24.320807,2025-08-06T20:41:24.320807
43,"עידן עמדי על הספינים נגדו: ""אני שונא מלחמות - אלו דברי שקר""",זאת לאחר שהמקום היווה סיכון ביטחוני לציר נסיעה סמוך,https://www.c14.co.il/article/1287273,channel14,2025-08-07T11:06:33.359207,2025-08-07T15:06:33.359207
43,"אבי ביטר נגד מכתב האמנים: ""כל העולם שונא אותנו בגללם"" | צפו",זאת לאחר שהמקום היווה סיכון ביטחוני לציר נסיעה סמוך,https://www.c14.co.il/article/1287446,channel14,2025-08-07T11:06:33.359207,2025-08-07T15:06:33.359207
43,לאחר המינוי: התיעוד המפתיע של בועז ביסמוט וינון מגל,זאת לאחר שהמקום היווה סיכון ביטחוני לציר נסיעה סמוך,https://www.c14.co.il/article/1287525,channel14,2025-08-07T11:06:33.359207,2025-08-07T15:06:33.359207
43,תרבות ובידור,זאת לאחר שהמקום היווה סיכון ביטחוני לציר נסיעה סמוך,https://www.c14.co.il/article/1288454,channel14,2025-08-07T11:06:33.359207,2025-08-07T15:06:33.359207
43,"""שורף קצת, אבל עושה את העבודה"": הסטנדאפ שקרע את סטורי לילה",זאת לאחר שהמקום היווה סיכון ביטחוני לציר נסיעה סמוך,https://www.c14.co.il/article/1288454,channel14,2025-08-07T11:06:33.359207,2025-08-07T15:06:33.359207
43,בעקבות סיכון ביטחוני: נהרס מתחם נופש לא חוקי סמוך לבית לחם,זאת לאחר שהמקום היווה סיכון ביטחוני לציר נסיעה סמוך,https://www.c14.co.il/article/1289490,channel14,2025-08-07T11:06:33.359207,2025-08-07T15:06:33.359207
44,אחרי הדיון על הרחבת הפעולה בעזה - מפגינים חסמו לתנועה את איילון דרום,"המוחים הבעירו צמיגים והדליקו מדורה - וקראו לעצירה מיידית של המלחמה בעזה ולשחרור חטופים • ""לא ניתן להמשיך את הסיוט הזה"", קראו המוחים • 13 מוחים נעצרו בעימותים עם המשטרה • בדיון הביטחוני אצל רה""מ הרמטכ""ל הזהיר: הרחבת הפעילות בעזה עלולה לסכן חטופים",https://www.mako.co.il/news-israel/2025_q3/Article-6ae88b9558b7891026.htm,n12,2025-08-05T19:45:00,2025-08-06T20:41:23.919212
44,"כבישים רבים ברחבי הארץ נחסמו, חלקם נפתחו לתנועה | החסימות - והעומסים",מפגינים רבים יצאו לכבישים ולדרכים המרכזיות על מנת למחות ולקרוא לממשלה להשיב את החטופים ולסיים את המלחמה בעזה • איילון צפון נחסם לתנועה ואז נפתח • בכביש 1 הבעירו צמיגים במטרה לעצור את התנועה • דרך בגין בירושלים נחסמה לתנועה,https://www.mako.co.il/news-israel/2025_q3/Article-cbfa042ee86b891026.htm,n12,2025-08-17T07:20:00,2025-08-19T14:56:32.256718
45,בשיא אוגוסט: קווי הרכבת המרכזיים בין חיפה לתל אביב וירושלים יושבתו לכמה ימים,"נזק כבד, בהיקף של מאות מטרים, נגרם כתוצאה מפגיעה של רכבת משא בתשתית החשמול במהלך הלילה • תחנות הרכבת שבין בנימינה ונתניה לת""א, ובמקביל גם אלה בין ת""א לנתב""ג, יושבתו למשך כמה ימים לצורך טיפול התקלה - כשעונת הקיץ נמצאת בשיאה • כל הפרטים על הקווים שיושבתו - והחלופות",https://www.mako.co.il/news-israel/2025_q3/Article-a5b1eb157cba891026.htm,n12,2025-08-15T05:23:00,2025-08-19T14:56:32.256718
45,פרסום ראשון: העבודות לתיקון התקלה ברכבת ייערכו גם במהלך השבת,"הצפי לסיום העבודה - שבוע שלם • מנהלים ברכבת ישראל על התקלה שהביאה להשבתת התנועה: ""רשלנות פושעת שהובילה לנזק אדיר"" • הסיבה לתקלה: מדפים ברכבת שנותרו פתוחים ואיש לא בדק את גובהם - שעולה על גובה קווי החשמל • עלות התיקון: עשרות מיליוני שקלים, לצד השבתת התנועה בשיא הקיץ",https://www.mako.co.il/news-israel/2025_q3/Article-8afb53672bda891026.htm,n12,2025-08-15T14:30:00,2025-08-19T14:56:32.256718
45,למרות העבודות שהתקיימו גם בשבת: עיכוב במועד החזרה לפעולה מלאה | פרסום ראשון,"הצפי לחזרה לשגרה - לפחות עוד שבוע וחצי • הקווים מהצפון לת""א ייפתחו מחדש אך יפעלו בתדריות נמוכה - צפי לעומסים כבדים • לא יפעל קו ישיר בין ת""א לירושלים, הנוסעים יצטרכו להחליף רכבת בנתב""ג • בקו מבאר שבע לת""א יופעלו רכבות • מחדל: מאות מטרים של כבלי חשמל נקרעו, עלות התיקון - עשרות מיליוני שקלים • כל הפרטים על תנועת הרכבות מחר",https://www.mako.co.il/news-israel/2025_q3/Article-5041408b3b3b891027.htm,n12,2025-08-16T18:30:00,2025-08-19T14:56:32.256718
45,התמונות שחושפות את גודל המחדל - שגרם להשבתת רכבת ישראל | בלעדי,"קרון המשא חתך את קווי החישמול - וגרם לנזק של עשרות מיליוני שקלים ולהשבתה של התנועה בקווים מרכזיים בשיא הקיץ • בתמונות שהגיעו לידי N12 ניתן לראות את המדף העליון שהונח על הרכבת כשהתפסן שלו פתוח - מה שהוביל למחדל החמור • מנהלים ברכבת ישראל התבטאו בחריפות: ""רשלנות פושעת"" • נוסעים מדווחים על כאוס ועומסים כבדים בתחנת נתב""ג",https://www.mako.co.il/news-israel/2025_q3/Article-cc68707a607b891026.htm,n12,2025-08-17T08:55:00,2025-08-19T14:56:32.256718
45,תיעוד בלעדי | רגע הפגיעה - והעשן: כך התחילה התקלה שהשביתה את רכבת ישראל,"הרגע שבו מדף עליון בקרון רכבת משא נתפס בקווי החשמול תועד במצלמות • הפגיעה גרמה לקריעת הכבלים, לעשן ולהשבתה בקווים מרכזיים ברחבי הארץ - הנזק נאמד בעשרות מיליוני שקלים",https://www.mako.co.il/news-israel/2025_q3/Article-03510ac0818b891027.htm,n12,2025-08-17T14:10:00,2025-08-19T14:56:32.256718
45,תנועת רכבת ישראל בתל אביב תופסק - זו התחנה שתיסגר זמנית,רכבת ישראל תבצע עבודות תחזוקה בעקבות התקלה במערכת החשמל,https://www.c14.co.il/article/1298947,channel14,2025-08-19T14:35:32.701749+03:00,2025-08-19T14:56:32.696710+03:00
46,אוכל,"""כל אחד מתפלל ביום הזה שנחזור ונמשיך את המשחקים בגוש קטיף""",https://www.c14.co.il/article/1287629,channel14,2025-08-05T17:55:05.581867,2025-08-05T19:55:05.581867
46,הסוף לניחושים: המדריך לביצה המושלמת - מרכה ועד קשה,"""כל אחד מתפלל ביום הזה שנחזור ונמשיך את המשחקים בגוש קטיף""",https://www.c14.co.il/article/1287629,channel14,2025-08-05T17:55:05.581867,2025-08-05T19:55:05.581867
46,שיגעון המאצ'ה: התה הירוק כובש את העולם - והמלאי אוזל,"""כל אחד מתפלל ביום הזה שנחזור ונמשיך את המשחקים בגוש קטיף""",https://www.c14.co.il/article/1286320,channel14,2025-08-05T17:55:05.582864,2025-08-05T19:55:05.582864
46,הרובוטים שמכינים ארוחה בפחות מחצי דקה ומאיימים על המסעדנים,"""כל אחד מתפלל ביום הזה שנחזור ונמשיך את המשחקים בגוש קטיף""",https://www.c14.co.il/article/1286754,channel14,2025-08-05T17:55:05.582864,2025-08-05T19:55:05.582864
46,סלט תירס חלבוני בסגנון צ'יפוטלה - שישדרג כל ארוחה,"""כל אחד מתפלל ביום הזה שנחזור ונמשיך את המשחקים בגוש קטיף""",https://www.c14.co.il/article/1287599,channel14,2025-08-05T17:55:05.582864,2025-08-05T19:55:05.582864
46,אל תזרקו - תשדרגו: קרואסון שקדים אגדי משאריות,"""כל אחד מתפלל ביום הזה שנחזור ונמשיך את המשחקים בגוש קטיף""",https://www.c14.co.il/article/1287620,channel14,2025-08-05T17:55:05.582864,2025-08-05T19:55:05.582864
46,20 שנה לגירוש - טורניר הכדורסל של גוש קטיף חי ובועט,"""כל אחד מתפלל ביום הזה שנחזור ונמשיך את המשחקים בגוש קטיף""",https://www.c14.co.il/article/1287814,channel14,2025-08-05T17:55:05.582864,2025-08-05T19:55:05.582864
46,20 שנה לגירוש - טורניר הכדורסל של גוש קטיף חי ובועט,אתמול 17:05,https://www.c14.co.il/article/1287814,channel14,,2025-08-06T20:41:24.318228
47,"העירייה חוגגת, הדיירים זועמים: ""טקס על החורבות שלנו""","טקס חגיגי לציון הריסת הבניינים שנפגעו במבצע ""עם כלביא"" צפוי להתקיים השבוע במרכז חולון, בנוכחות שר הביטחון כ""ץ • אך בזמן שהעירייה מדברת על ""שיקום ובנייה מחדש"", הדיירים שפונו מהמבנים המופגזים מביעים זעם ותסכול • ""זו פשוט הזיה שעושים פה פסטיגל"", אמרו תושבים ל-N12 • מהעירייה נמסר: ""לא ניתן יד לניסיונות ליצור שיח מפלג""",https://www.mako.co.il/news-israel/2025_q3/Article-ba205d9e11c4891026.htm,n12,2025-07-27T15:46:00,2025-07-29T16:04:55.843915
47,"העירייה חוגגת, הדיירים זועמים: ""טקס על החורבות שלנו""","טקס חגיגי לציון הריסת הבניינים שנפגעו במבצע ""עם כלביא"" צפוי להתקיים השבוע במרכז חולון, בנוכחות שר הביטחון כ""ץ • אך בזמן שהעירייה מדברת על ""שיקום ובנייה מחדש"", הדיירים שפונו מהמבנים המופגזים מביעים זעם ותסכול • ""זו פשוט הזיה שעושים פה פסטיגל"", אמרו תושבים ל-N12 • מהעירייה נמסר: ""לא ניתן יד לניסיונות ליצור שיח מפלג""",https://www.mako.co.il/news-israel/2025_q3/Article-ba205d9e11c4891026.htm,n12,2025-07-27T15:46:00,2025-07-29T16:04:55.843915
47,"טקס הריסת הבתים בחולון: שר הביטחון נאם, תושבים פתחו במחאה במקום","תושבים שבתיהם נפגעו במתקפת הטילים הגיעו לאירוע למחות ולהביע את זעמם על קיום הטקס מול ראש העיר: ""רד מהבמה"" • במקביל, מחוץ לאירוע התקיימה הפגנה למען שחרור החטופים: ""שר הביטחון, לך לעבוד"" • מעיריית חולון נמסר אתמול כי ""העירייה לא תיתן יד ולא תשתף פעולה עם ניסיונות ליצור שיח מפלג על חשבון הטקס""",https://www.mako.co.il/news-israel/2025_q3/Article-6df6ad29eff4891026.htm,n12,2025-07-28T09:22:00,2025-07-29T16:04:55.843915
48,"צה""ל: 785 חבילות סיוע הוצנחו עד כה בעזה, מ-8 מדינות שונות",בשעות האחרונות הוצנחו 110 חבילות סיוע,https://www.c14.co.il/article/1288045,channel14,2025-08-05T19:41:05.580863,2025-08-05T19:55:05.580863
48,בזמן שחטופינו מורעבים: מעל 100 חבילות סיוע הוצנחו לרצועה,אתמול 15:56,https://www.c14.co.il/article/1288945,channel14,2025-08-06T15:50:00,2025-08-07T15:06:33.356174
48,בזמן שחטופינו מורעבים: מעל 100 חבילות סיוע הוצנחו לרצועה,בסך הכל הוצנחו קרוב ל-900 חבילות סיוע בעזה,https://www.c14.co.il/article/1288945,channel14,2025-08-06T16:41:24.316228,2025-08-06T20:41:24.316228
48,הסיוע לאויב נמשך: 106 חבילות סיוע הוצנחו לרצועה,אתמול 20:11,https://www.c14.co.il/article/1290158,channel14,NaT,2025-08-10T12:30:16.066351
49,"המסמך שחשף שחמאס מוכן לעסקה חלקית, ומה היה בפסגת פוטין-טראמפ | חדשות השבת","פסגת טראמפ-פוטין הסתיימה ללא הכרזה על הפסקת אש, וטראמפ צפוי להיפגש עם זלנסקי בתחילת השבוע • מסמך בכירים שהועבר לרה""מ חשף: חמאס מוכן ל""עסקה חלקית"" • הקלטות ראש אמ""ן לשעבר נחשפו: ""לא יסלחו לי, נכשלתי"" • מנהלים ועובדים ברכבת על מה שהוביל להשבתה במשך ימים: ""רשלנות פושעת""",https://www.mako.co.il/news-israel/2025_q3/Article-5932872b543b891027.htm,n12,2025-08-16T17:56:00,2025-08-19T14:56:32.256718
49,"""אסור להיכנע"": התגובה של סמוטריץ' לדיווחים על עסקה חלקית",,https://www.c14.co.il/article/1298308,channel14,2025-08-18T21:49:00+03:00,2025-08-19T14:56:32.696710+03:00
50,"""המשכנו לשבת שבעה בתוך שבעה"": המשפחות שאיבדו שני ילדים במלחמה","אין גורם רשמי בישראל שמחזיק במידע מדויק לגבי מספר המשפחות שאיבדו יותר מילד אחד במלחמה • אך ישנן לפחות 28 כאלו, שחיות יום-יום עם צער אין-סופי, כפול ומשולש • שלוש משפחות שהשכול הכה בהן פעמיים שיתפו עם חדשות 12 את סיפורן הכואב • ""אין לנו חיים, קברנו משהו מתוכנו"", שיתפה ספיר, אחותן של שוהם ושנהב יעקב ז""ל, שנרצחו במסיבת הנובה",https://www.mako.co.il/news-israel/2025_q3/Article-b47ee58e86c7891026.htm,n12,2025-08-06T08:46:00,2025-08-06T20:41:23.919212
50,"כך מיקרוסופט שיתפה פעולה עם צה""ל במלחמה בטרור הפלשתיני",דיווח: באמצעים טכנולוגיים מתקדמים - חברת הענק פעלה לצד ישראל,https://www.c14.co.il/article/1289078,channel14,2025-08-06T18:41:24.315230,2025-08-06T20:41:24.315230
51,"668 ימים בשבי: ""סבא לא מאמין שהנכד שלו מתן צריך לעבור שואה 80 שנה אחריו""","מתן אנגרסט הוא אחד מ-50 החטופים שעדיין מוחזקים בשבי חמאס • אופיר אנגרסט, אחיו הקטן, מספר על התחושות הקשות בעקבות התיעוד של אביתר דוד: ""מתחיל לדמות את מה שסבא שלנו עבר בשואה. סבא ישב מול הטלוויזיה ובכה - הוא לא מאמין שזה קורה שוב והפעם לנכד שלו""",https://www.mako.co.il/news-israel/2025_q3/Article-3996dc1490e6891026.htm,n12,2025-08-04T07:00:00,2025-08-06T20:41:23.919212
51,"אימו של החייל החטוף מתן אנגרסט: ""מצפה מהרמטכ""ל להתפטר אם יקבל הנחיה לסכן את חיי החטופים""","ענת אנגרסט תקפה בעקבות פרסום דברי בכיר בלשכת נתניהו שהודה כי רה""מ שוקל לכבוש את הרצועה, גם בסיכון חיי החטופים • ""הם לא רוצים להחזיר את החטופים ולא מוכנים לעסקה כוללת, רק מאשימים שחמאס לא מקבל עסקה שהם אפילו לא הציעו"" • לדבריה, ""לוחמים מספרים שהם מרגישים שעבודתם היא להכין את הקרקע לקראת התיישבות בעזה""",https://www.mako.co.il/news-israel/2025_q3/Article-480bc442c297891026.htm,n12,2025-08-05T12:25:00,2025-08-06T20:41:23.919212
52,"בצה""ל כבר מכינים ""בנק תירוצים"" נגד כיבוש הרצועה",אתמול 20:04,https://www.c14.co.il/article/1289177,channel14,2025-08-06T15:56:00,2025-08-07T15:06:33.356174
52,"בצה""ל כבר מכינים ""בנק תירוצים"" נגד כיבוש הרצועה",התוכנית של זמיר: כיתור ולא כיבוש מלא של הרצועה,https://www.c14.co.il/article/1289177,channel14,2025-08-06T20:05:24.315230,2025-08-06T20:41:24.315230
53,חזרו הביתה מטיול של 24 שעות – וזה מה שגילו בבית,"פיצוץ פתאומי בניאגרה, שיטפון בדירה ופטריית ענק שצמחה מתוך שקע חשמל – מה יכול לקרות כשנוטשים את הבית רק לכמה ימים?",https://www.mako.co.il/news-israel/2025_q3/Article-7edb27a16c57891027.htm,n12,2025-08-06T08:00:00,2025-08-06T20:41:23.919212
53,אחות הולנדית איימה לפגוע בישראלים - ונעצרה תוך 24 שעות,12:03,https://www.c14.co.il/article/1288632,channel14,,2025-08-06T20:41:24.317228
54,"סערת החלפת המנעולים הגיעה לבג""ץ: לוין מתעקש - ""זה החדר האישי שלי""","לוין החליף את המנעולים בלשכה ששימשה גם את היועמ""שית • בפני בג""ץ הוא טוען: ""זו לשכת שר המשפטים בלבד"" • הוא ביקר את ביהמ""ש: ""העובדה ש-9 שופטים של בית המשפט העליון נדרשים לעניין זה היא דבר שעוד ילמד כאחד האירועים המוזרים בתולדות המשפט""",https://www.mako.co.il/news-israel/2025_q3/Article-eef60ac0818b891027.htm,n12,2025-08-17T14:04:00,2025-08-19T14:56:32.256718
54,אחרי המתקפה שחטפה מהשמאל: יריב לוין יוצא נגד גוטליב,"שר המשפטים: ""תפסיקי לבייש אותנו - תתנצלי!""",https://www.c14.co.il/article/1298829,channel14,2025-08-19T13:56:32.701749+03:00,2025-08-19T14:56:32.696710+03:00
55,לאחר הפרסום ב-N12: כתב אישום נגד האישה שחסמה אדם מלהיכנס למקלט,"כתב אישום הוגש נגד ליליאנה לניאדו מבת ים, שחסמה בגופה את דייר הבניין הסמוך מלהיכנס למקלט - בעת מתקפת טילים מאיראן • הדייר, שובל עילאי פוקס, שתיעד את האירוע, שוחח עם N12 לאחריו: ""הייתי בהלם, פחדתי שיקרה לי משהו"" • אחרי גיבוש תשתית ראייתית לכאורה שכוללת את התיעוד - המשטרה המליצה על אישום • שובל אמר בתגובה: ""האנושיות והמוסר אמורים לעמוד לנגד עיניו של כל אדם""",https://www.mako.co.il/news-israel/2025_q3/Article-29ee051e8307891027.htm,n12,2025-08-03T19:25:00,2025-08-06T20:41:23.919212
55,"פרשת הסוכן ""האציל"": כתבי אישום הוגשו נגד עשרות נאשמים","החשד: סחר בנשק ובסמים בשווי מוערך של כמיליון ש""ח",https://www.c14.co.il/article/1289507,channel14,2025-08-07T13:06:33.354212,2025-08-07T15:06:33.354212
55,כתב אישום יוגש נגד יוסף חדד בגין פזיזות ורשלנות בנשק,זאת לאחר שירה באקדחו במהלך קטטה בכביש,https://www.c14.co.il/article/1289526,channel14,2025-08-07T14:06:33.354212,2025-08-07T15:06:33.354212
56,כיבוש הרצועה? פאנליסט הפטריוטים מפקפק בהחלטת הקבינט,אתמול 22:49,https://www.c14.co.il/article/1290281,channel14,2025-08-09T20:42:00,2025-08-10T12:30:16.067256
56,"""תתבייש!"": הפרובוקציה של גיא מרוז שהכעיסה את פאנל הפטריוטים","יותם זמרי גינה את מרוז: ""אתה מבזה, בושה וחרפה""",https://www.c14.co.il/article/1290318,channel14,2025-08-09T23:32:00,2025-08-10T12:30:16.067007
56,התגעגעתם? הפטריוטים חוזרים להופיע גם בצאת השבת - אל תחמיצו!,אתמול 20:42,https://www.c14.co.il/article/1290086,channel14,NaT,2025-08-10T12:30:16.067429
57,"ארה""ב מסמנת כיוון לריבונות: יו""ר בית הנבחרים ביקר בשומרון",אתמול 20:04,https://www.c14.co.il/article/1287056,channel14,2025-08-04T18:00:00,2025-08-05T19:55:05.581867
57,"ביישוב שילה שבשומרון: נתניהו נפגש עם יו""ר בית הנבחרים","כמו כן, נפגש עם דיצה אור, אימו של החטוף אבינתן אור",https://www.c14.co.il/article/1287983,channel14,2025-08-05T17:55:05.577551,2025-08-05T19:55:05.577551
57,"לאחר ביקורה בשומרון: רה""מ נתניהו נפגש עם מושלת ארקנסו",לפני 5 שעות,https://www.c14.co.il/article/1288815,channel14,,2025-08-06T20:41:24.317228
58,ספיידרמן בלב מנהטן? הצילומים לסרט החדש בעיצומם | צפו,"השב""חים הסתתרו באתר בנייה סמוך",https://www.c14.co.il/article/1288668,channel14,2025-08-10T12:23:16.068487,2025-08-10T12:30:16.068487
58,מזל טוב: הזמר בן צור הציע נישואין לבחירת ליבו בכותל המערבי,"השב""חים הסתתרו באתר בנייה סמוך",https://www.c14.co.il/article/1290103,channel14,2025-08-10T12:23:16.068487,2025-08-10T12:30:16.068487
58,"לרגל ט""ו באב: נועה ארגמני בפוסט מצמרר לבן זוגה המוחזק בשבי","השב""חים הסתתרו באתר בנייה סמוך",https://www.c14.co.il/article/1290220,channel14,2025-08-10T12:23:16.068487,2025-08-10T12:30:16.068487
58,"""החלטתי לנסות שוב"": המהלך החדש של יאיר נתניהו","השב""חים הסתתרו באתר בנייה סמוך",https://www.c14.co.il/article/1290423,channel14,2025-08-10T12:23:16.068487,2025-08-10T12:30:16.068487
58,"מרדף אחר חשוד בחיפה הוביל למעצר של 11 שב""חים","השב""חים הסתתרו באתר בנייה סמוך",https://www.c14.co.il/article/1290496,channel14,2025-08-10T12:23:16.069489,2025-08-10T12:30:16.069489
59,"פיצרייה לא כשרה הותקפה במודיעין: ""קרעו תפריטים וקיללו את הסועדים""","בעל פיצרייה חדשה בעיר טוען כי בני נוער חובשי כיפות פרצו למקום, פגעו ברכוש, תקפו מילולית את העובדים והלקוחות ולטענתו, הכול בשל העובדה שהמקום מציע אוכל לא כשר • לדבריו, המשטרה הגיעה במהירות והרחיקה את הפורעים • ""לא תיארתי לעצמי שיקרה לי דבר כזה בעיר שבה גדלתי""",https://www.mako.co.il/news-israel/2025_q3/Article-387d6ce84b7a891026.htm,n12,2025-08-14T12:28:00,2025-08-19T14:56:32.256718
60,"תביעת הענק של משפחות קורבנות 7.10 - נגד פייסבוק: ""מראות הזוועה לנצח ייצרבו""","בסכום של יותר מארבעה מיליארד שקלים - בגין ""חלקן במתקפת הטרור של חמאס"", משפחות של קורבנות הטבח בתביעה נגד פייסבוק ואינסטגרם • ""מראות הזוועה, ההשפלה, הסבל והאימה, לנצח ייצרבו בזכרונם של בני המשפחה והציבור, כרגעיהם האחרונים של יקיריהם"", נכתב בבקשת התביעה • עוד טענו המשפחות: בכל יום שמטא ממשיכה להפיץ את הזוועות - נמשכת מתקפת הטרור",https://www.mako.co.il/news-israel/2025_q3/Article-40e8a4ea0b57891026.htm,n12,2025-08-04T18:45:00,2025-08-06T20:41:23.919212
60,"שר הביטחון: צה""ל יישאר במחנות הטרור לפחות עד סוף השנה","לדבריו, התרעות הטרור ביו""ש ירד ב 80%",https://www.c14.co.il/article/1290593,channel14,2025-08-10T11:43:16.064351,2025-08-10T12:30:16.064351
61,"אמו של לוחם בחשמונאים: ""הם מורעלים על קדושת התורה והארץ""",בקול רועד מהתרגשות סיפרה האם על סיום מסע הכומתה של בנה | צפו,https://www.c14.co.il/article/1289135,channel14,2025-08-06T18:41:24.315230,2025-08-06T20:41:24.315230
61,"אמו של לוחם בחשמונאים: ""הם מורעלים על קדושת התורה והארץ""",אתמול 18:00,https://www.c14.co.il/article/1289135,channel14,,2025-08-07T15:06:33.357209
62,"רה""מ וראש המוסד נועדו עם חברי ועדת המודיעין של הקונגרס",אתמול 18:16,https://www.c14.co.il/article/1289166,channel14,2025-08-06T16:33:00,2025-08-07T15:06:33.357209
62,"רה""מ וראש המוסד נועדו עם חברי ועדת המודיעין של הקונגרס","חברי הקונגרס שהשתתפו: ריק קרופורד, ג׳וש גוטהימר ורוני ג'קסון",https://www.c14.co.il/article/1289166,channel14,2025-08-06T18:41:24.317228,2025-08-06T20:41:24.317228
63,טכנולוגיה,‌,https://www.c14.co.il/article/1298451,channel14,,2025-08-19T14:56:32.696710+03:00
63,טכנולוגיה,,https://www.c14.co.il/article/article/article/article/article/article/1287967,channel14,,2025-08-05T19:55:05.580863
64,צומת דרכים גורלי לישראל: הכרעת חמאס או כניעה וגרירת רגליים,"צה""ל יחל לכבוש את העיר עזה בעוד כחודשיים לאחר פינויה מאזרחים",https://www.c14.co.il/article/1290397,channel14,2025-08-10T07:30:16.065351,2025-08-10T12:30:16.065351
64,מסתמן: ההתקפה על העיר עזה - בעוד מספר שבועות,,https://www.c14.co.il/article/1298153,channel14,2025-08-18T20:13:00+03:00,2025-08-19T14:56:32.696710+03:00
65,"הטרגדיה בראשל""צ: הבנות חזרו לגג אחרי שבועיים - והפעם ""הצליחו"" לקפוץ","השתיים נפלו מגובה של 8 קומות - אחת נהרגה לאחר ניסיונות החייאה ממושכים, השנייה עדיין נלחמת על חייה בבית החולים • חובשי מד""א: ""מדובר באירוע קשה מאוד"" • כמעט במקביל, בירושלים: פעוט כבן שנתיים נפל בחדר מדרגות ברחוב שטראוס - ופונה במצב קשה לבית החולים",https://www.mako.co.il/news-israel/2025_q3/Article-caeabe149d07891027.htm,n12,2025-08-03T18:00:00,2025-08-06T20:41:23.919212
65,"""זו רשלנות נוראית"": הטרגדיה בראשון לציון - וסימני השאלה","שבועיים לאחר שנמנע מקרה דומה, שתי הילדות שבו לגג במתחם היקב בראשל""צ וקפצו ממנו - הפעם אחת נהרגה והשנייה עדיין במצב קשה • בשל אותו מקרה, הוחלט כי מילנה, אחת הקטינות תעבור למוסד סגור, ממנו הצליחה לברוח והוגדרה מאז נעדרת בסיכון • מקורב למשפחתה של מילנה שמתה מפצעיה מאשים: ""הסיפור הזה הופקר"" • במשטרה חוקרים מדוע הגג לא נאטם, והאם ניתן היה למנוע את האירוע הקשה?",https://www.mako.co.il/news-israel/2025_q3/Article-689d37c72c37891027.htm,n12,2025-08-04T09:08:00,2025-08-06T20:41:23.919212
65,"פרטים חדשים על הטרגדיה בראשון לציון: ""נכתב שקיים חשש להחמרה באובדנות - ובכל זאת היא שוחררה""","מילנה בובקובה ז""ל, בת ה-12 מראשון לציון, קפצה אל מותה שעות לאחר ששוחררה ממוסד רפואי • היום התברר: החשש ממקרה אובדנות היה ידוע לאחר ניסיון ההתאבדות הראשון שלה לפני כשבוע - ובכל זאת הוחלט לשחרר אותה • במוסד הרפואי טוענים שמדובר באירוע מצער שיתוחקר, בני משפחתה דורשים תשובות",https://www.mako.co.il/news-israel/2025_q3/Article-6be3772e9ff7891027.htm,n12,2025-08-06T18:04:00,2025-08-07T15:06:32.999619
66,ראש הממשלה נפגש עם משלחת חברי קונגרס רפובליקנים מטעם AIPAC,אתמול 16:33,https://www.c14.co.il/article/1289014,channel14,2025-08-06T16:00:00,2025-08-07T15:06:33.357209
66,ראש הממשלה נפגש עם משלחת חברי קונגרס רפובליקנים מטעם AIPAC,לפני 4 שעות,https://www.c14.co.il/article/1289014,channel14,2025-08-06T16:41:24.317228,2025-08-06T20:41:24.317228
66,שרת החוץ של אוסטרליה תקפה את ישראל - נתניהו לא נשאר חייב,"ראש הממשלה הבהיר: ""ההיסטוריה תזכור""",https://www.c14.co.il/article/1298693,channel14,2025-08-19T11:56:32.701749+03:00,2025-08-19T14:56:32.696710+03:00
66,"ראש הממשלה בבקו""ם: ""יש צורך להשלים את תבוסת האויב בעזה""",לפני 4 שעות,https://www.c14.co.il/article/1287774,channel14,,2025-08-05T19:55:05.580863
67,חבר הכנסת מאיים: אם מוותרים על מטרות המלחמה - נלך לבחירות,הדברים מגיעים לאחר הביקורת של שר האוצר בצלאל סמוטריץ',https://www.c14.co.il/article/1290449,channel14,2025-08-10T10:30:16.066351,2025-08-10T12:30:16.066351
68,"נכדה נולדה לטלי גוטליב שהפכה לסבתא: ""תודה לה' על הזכות""","בין אמצעי הלחימה נמצאו מחסניות, כוונות לייזר, וסכין קומנדו",https://www.c14.co.il/article/1285801,channel14,2025-08-05T18:55:05.583865,2025-08-05T19:55:05.583865
68,טרגדיה בהופעה של אואזיס: גבר נהרג לאחר שנפל מגובה רב,"בין אמצעי הלחימה נמצאו מחסניות, כוונות לייזר, וסכין קומנדו",https://www.c14.co.il/article/1286305,channel14,2025-08-05T18:55:05.583865,2025-08-05T19:55:05.583865
68,אגדת הרוק דייב אדמונדס בן ה-81 אושפז במצב קשה,"בין אמצעי הלחימה נמצאו מחסניות, כוונות לייזר, וסכין קומנדו",https://www.c14.co.il/article/1286760,channel14,2025-08-05T18:55:05.583865,2025-08-05T19:55:05.583865
68,"עידן עמדי על הספינים נגדו: ""אני שונא מלחמות - אלו דברי שקר""","בין אמצעי הלחימה נמצאו מחסניות, כוונות לייזר, וסכין קומנדו",https://www.c14.co.il/article/1287273,channel14,2025-08-05T18:55:05.583865,2025-08-05T19:55:05.583865
68,תרבות ובידור,"בין אמצעי הלחימה נמצאו מחסניות, כוונות לייזר, וסכין קומנדו",https://www.c14.co.il/article/1287446,channel14,2025-08-05T18:55:05.583865,2025-08-05T19:55:05.583865
68,"אבי ביטר נגד מכתב האמנים: ""כל העולם שונא אותנו בגללם"" | צפו","בין אמצעי הלחימה נמצאו מחסניות, כוונות לייזר, וסכין קומנדו",https://www.c14.co.il/article/1287446,channel14,2025-08-05T18:55:05.583865,2025-08-05T19:55:05.583865
68,"הפשיעה בחברה הערבית: אמל""ח רב נתפס בביתו של תושב מזרח י-ם","בין אמצעי הלחימה נמצאו מחסניות, כוונות לייזר, וסכין קומנדו",https://www.c14.co.il/article/1287684,channel14,2025-08-05T18:55:05.583865,2025-08-05T19:55:05.583865
68,אגדת הרוק דייב אדמונדס בן ה-81 אושפז במצב קשה,"לטענת סולברג: ""לא הונחה התשתית העובדתית"" כדי לקבל את העתירה",https://www.c14.co.il/article/1286760,channel14,2025-08-06T20:37:24.320807,2025-08-06T20:41:24.320807
68,אגדת הרוק דייב אדמונדס בן ה-81 אושפז במצב קשה,זאת לאחר שהמקום היווה סיכון ביטחוני לציר נסיעה סמוך,https://www.c14.co.il/article/1286760,channel14,2025-08-07T11:06:33.359207,2025-08-07T15:06:33.359207
69,צום תשעה באב 2025: זמני כניסת ויציאת הצום,"צום תשעה באב 2025 יחל ביום שבת 2.8.25 ויסתיים ביום ראשון 3.8.25 עם צאת הכוכבים. צום ט' באב הוא אחד הצומות הקשים והחמורים במעגל השנה, מה מותר, מה אסור ומשמעות הצום",https://www.mako.co.il/news-israel/2024_q3/Article-75aa857e2681191027.htm,n12,2025-07-27T09:33:00,2025-07-29T16:04:55.843915
70,תרבות ובידור,,https://www.c14.co.il/article/article/1287525,channel14,,2025-08-05T19:55:05.579077
71,"טעם של בית, בביס אחד מושלם: קרפלך במילוי חזה עוף ושמיר",ממגן דוד ועד לתחושת הזהות הלאומית | צפו בסרטון,https://www.c14.co.il/article/1295766,channel14,2025-08-19T13:56:32.706899+03:00,2025-08-19T14:56:32.696710+03:00
71,השילוב המנצח: תחתיות ארטישוק במילוי דג,ממגן דוד ועד לתחושת הזהות הלאומית | צפו בסרטון,https://www.c14.co.il/article/1295803,channel14,2025-08-19T13:56:32.706899+03:00,2025-08-19T14:56:32.696710+03:00
71,"מאפינס קוטג' וירקות: ארוחת בוקר קלה, בריאה ועשירה בחלבון",ממגן דוד ועד לתחושת הזהות הלאומית | צפו בסרטון,https://www.c14.co.il/article/1296611,channel14,2025-08-19T13:56:32.706899+03:00,2025-08-19T14:56:32.696710+03:00
71,"עוגת וניל עם דובדבנים ופיסטוק: רכה, מתוקה ומוכנה ב-10 דקות",ממגן דוד ועד לתחושת הזהות הלאומית | צפו בסרטון,https://www.c14.co.il/article/1296627,channel14,2025-08-19T13:56:32.706899+03:00,2025-08-19T14:56:32.696710+03:00
71,קרפצ’יו סינטה דקיק עם רוקט ובלסמי: מתכון קל ומהיר,ממגן דוד ועד לתחושת הזהות הלאומית | צפו בסרטון,https://www.c14.co.il/article/1297918,channel14,2025-08-19T13:56:32.706899+03:00,2025-08-19T14:56:32.696710+03:00
71,הכי ישראלי שיש: נחשפו המדים החדשים של הנבחרת,ממגן דוד ועד לתחושת הזהות הלאומית | צפו בסרטון,https://www.c14.co.il/article/1298779,channel14,2025-08-19T13:56:32.706899+03:00,2025-08-19T14:56:32.696710+03:00
72,דווקא בשנת מלחמה - ענף הרכבים שובר שיאים,מהפכת החשמל בדרך לישראל: כך זה נראה,https://www.c14.co.il/article/1289503,channel14,2025-08-07T12:06:33.354212,2025-08-07T15:06:33.354212
73,"החזית ביו""ש: כוחותינו החרימו מאות אלפי שקלים שנועדו לטרור",לפני שעתיים,https://www.c14.co.il/article/1287995,channel14,2025-08-05T15:55:05.580863,2025-08-05T19:55:05.580863
73,"חשוד ברצח התפנה עצמאית לביה""ח לאחר שנפצע - ונעצר",לפני שעתיים,https://www.c14.co.il/article/1290473,channel14,2025-08-10T09:30:16.069489,2025-08-10T12:30:16.069489
73,יוצאים לטיול בטבע? אלו המסלולים שנסגרו בעקבות החום,לפני שעתיים,https://www.c14.co.il/article/1290468,channel14,2025-08-10T10:30:16.069489,2025-08-10T12:30:16.069489
73,"לא נערכו כראוי לטיול בהרי ירושלים, ונזקקו לחילוץ מהשטח",לפני שעתיים,https://www.c14.co.il/article/1288908,channel14,,2025-08-06T20:41:24.320807
74,"גל עבד באולם בהיכל התרבות בת""א, ונהרג מנפילה מגובה: ""אנו המומים""","גל שרעבי, שרק לאחרונה הפך לאב לראשונה בחייו - נהרג בתאונה טרגית • חבריו לעבודה מתקשים לעכל את מותו: ""אף אחד לא מצליח להבין איך זה קרה דווקא לו"" • לדבריו חבריו לצוות, שרעבי היה רתום כנדרש בנהלי הבטיחות",https://www.mako.co.il/news-israel/2025_q3/Article-c195a2cdc2f7891026.htm,n12,2025-08-06T12:50:00,2025-08-06T20:41:23.919212
75,"החרדים מאיימים: ""נצא למאבק עולמי שלא היה כמותו""",אתמול 19:05,https://www.c14.co.il/article/1289180,channel14,2025-08-06T18:16:00,2025-08-07T15:06:33.357209
75,"החרדים מאיימים: ""נצא למאבק עולמי שלא היה כמותו""",זאת בעקבות מעצרם של מספר בחורי ישיבות בשל אי-התייצבות לגיוס,https://www.c14.co.il/article/1289180,channel14,2025-08-06T19:41:24.315230,2025-08-06T20:41:24.315230
76,"אירוע מכוער ברחבת הכותל: נשים ניסו להכניס ספר תורה, סדרני המקום עצרו אותן ובמקום התפתח עימות","קבוצת נשים מארגון ""נשות הכותל"" ניסו להכניס ספר תורה לרחבה כשהוא מונח בתוך מנשא תינוק • סדרני הקרן למורשת הכותל המערבי ניסו למנוע את כניסתן לרחבה, מה שהוביל לעימות אלים, בעוד שהמשטרה צופה מהצד • ""נאלצנו להחביא את ספר התורה כי ידענו שהקרן לא מאפשרת לנשים להיכנס עם ספרי תורה"" סיפרה מנכ""לית ארגון נשות הכותל ל-N12 • הקרן למורשת הכותל המערבי: ""הפרה בוטה של נהלים""",https://www.mako.co.il/news-israel/2025_q3/Article-f743bbc0b6f4891027.htm,n12,2025-07-28T07:09:00,2025-07-29T16:04:55.843915
76,היסטוריה יהודית במקסיקו: מאות יצאו לחגוג את הכנסת ספר התורה,המעמד שריגש מאות תיירים באי הנופש הפופולרי,https://www.c14.co.il/article/1298603,channel14,2025-08-19T12:56:32.701749+03:00,2025-08-19T14:56:32.696710+03:00
77,הממשלה תאשר מחר: 3.3 מיליארד שקל לחיזוק אשקלון ויישובי הדרום,"כמעט שנתיים לאחר מתקפת 7 באוקטובר, הממשלה צפויה לאשר החלטות אסטרטגיות להשקעה נרחבת בדרום הארץ • התוכנית כוללת כמיליארד וחצי שקלים לעיר אשקלון ו-1.8 מיליארד שקלים נוספים לשש רשויות מרכזיות בנגב המערבי • בין הפרויקטים הייחודיים: הקמת כפר פראלימפי ומרכז חדשנות ומחקר בתחומי הבריאות והשיקום",https://www.mako.co.il/news-israel/2025_q3/Article-936794142117891026.htm,n12,2025-08-03T19:57:00,2025-08-06T20:41:23.919212
77,טסלה תעניק למאסק מניות בשווי 29 מיליארד דולר,לפני 5 שעות,https://www.c14.co.il/article/1287767,channel14,,2025-08-05T19:55:05.586286
78,"פועל נהרג לאחר שנפל מגג היכל התרבות בתל אביב, נפתחה חקירה",לפני 4 שעות,https://www.c14.co.il/article/1287831,channel14,2025-08-05T14:55:05.586286,2025-08-05T19:55:05.586286
78,"2 אנשים נפצעו בפיצוץ בבניין מגורים בבית שמש, חקירה נפתחה",08:30,https://www.c14.co.il/article/1289444,channel14,,2025-08-07T15:06:33.360208
79,"ריקי בליך החתומה על עצומת האמנים: ""אני מרחמת על הילדים בעזה""","לדבריה, לוחמי צה""ל מבצעים שעי מלחמה",https://www.c14.co.il/article/1289416,channel14,,2025-08-07T15:06:33.355213
80,ללא פציעות אך רזה: גור אריות חולץ מחצר בית בהחזקה לא חוקית,"גור אריות צעיר נמצא הבוקר קשור בחצר בית סמוך למעלה אדומים - השישי שאותר מאז תחילת השנה בשבי לא חוקי • ""נראה כי הגור אינו סובל מפגיעות חיצוניות, אך הוא רזה"", נמסר מרשות הטבע והגנים",https://www.mako.co.il/news-israel/2025_q3/Article-6a3296249054891026.htm,n12,2025-07-26T07:04:00,2025-07-29T16:04:55.844915
81,"הח""כ מהשמאל פורש מהכנסת - ומודיע: ""לא אתמודד בבחירות הבאות""","""מתפלל שבבחירות הבאות תקום בישראל ממשלה ציונית רחבה""",https://www.c14.co.il/article/1290497,channel14,2025-08-10T10:30:16.064351,2025-08-10T12:30:16.064351
82,מתכון למרק תימני מתאים לארוחת שבת,"השוער הסכים לחתום על הדו""ח הרפואי של המועדון",https://www.c14.co.il/article/1289868,channel14,2025-08-09T22:48:00,2025-08-10T12:30:16.067456
82,קובנה עלי זעתר: הטוויסט המרענן של יהודה עמר ורון שובל,"השוער הסכים לחתום על הדו""ח הרפואי של המועדון",https://www.c14.co.il/article/1289869,channel14,2025-08-09T22:48:00,2025-08-10T12:30:16.067456
82,לאחר שהודח: שוער ברצלונה חוזר להיות הקפטן הראשון,"השוער הסכים לחתום על הדו""ח הרפואי של המועדון",https://www.c14.co.il/article/1290279,channel14,2025-08-09T22:48:00,2025-08-10T12:30:16.067456
83,"גורם מדיני: ""תגובת חמאס רצינית יותר מהקודמות""",,https://www.c14.co.il/article/1298146,channel14,2025-08-18T19:50:00+03:00,2025-08-19T14:56:32.696710+03:00
83,גורם מדיני על עסקת החטופים: תשובת חמאס נראית רצינית יותר,,https://www.c14.co.il/article/1298466,channel14,2025-08-19T08:23:00+03:00,2025-08-19T14:56:32.696710+03:00
84,"חברת קבינט תקפה את הביקורת לעסקה: ""נמאס מבן גביר וסמוטריץ'""","בנוסף, הצהירה כי ""לא יהיה חמאס ברצועה ביום שאחרי""",https://www.c14.co.il/article/1298610,channel14,2025-08-19T11:56:32.701749+03:00,2025-08-19T14:56:32.696710+03:00
85,כוחותינו תקפו תשתיות טרור של חיזבאללה בדרום לבנון,"בצה""ל מדגישים: חיזבאללה מפר את ההבנות מול ישראל",https://www.c14.co.il/article/1289337,channel14,2025-08-06T22:23:00,2025-08-07T15:06:33.356174
85,המלחמה הבאה בצפון? חיזבאללה בעימות ישיר מול ממשלת לבנון,"ארגון הטרור במתקפה חריפה: ""ממשלת לבנון הנוכחית משרתת באופן בלעדי את האינטרסים של ממשלות ישראל וארה""ב""",https://www.c14.co.il/article/1288914,channel14,,2025-08-06T20:41:24.314197
86,חריג: זו הסיבה שבגללה נפסל השער של קריסטל פאלאס מול צ'לסי,,https://www.c14.co.il/article/1297798,channel14,2025-08-18T14:35:00+03:00,2025-08-19T14:56:32.696710+03:00
87,מטיילים ביוון? הפגנות אנטי-ישראליות צפויות ברחבי המדינה,אלה המוקדים בסיכון גבוה | הרשימה המלאה,https://www.c14.co.il/article/1290594,channel14,2025-08-10T11:35:16.064351,2025-08-10T12:30:16.064351
88,גל חום היסטורי: ישראל בדרך לשבור שיא של 83 שנים,התכוננו בהתאם: אלו הימים בהם צפוי להישבר השיא,https://www.c14.co.il/article/1290470,channel14,2025-08-10T10:30:16.064351,2025-08-10T12:30:16.064351
88,שינו את המסמכים: מי ניסה להסתיר במשך שנים את שרידי אלטלנה?,,https://www.c14.co.il/article/1298350,channel14,2025-08-18T23:21:00+03:00,2025-08-19T14:56:32.696710+03:00
89,קים ג'ונג און מאיים להגדיל את הארסנל הגרעיני של צפון קוריאה,"וזאת בתגובה לתרגיל שמקיימות בימים אלו ארה""ב ודרום קוריאה",https://www.c14.co.il/article/1298896,channel14,2025-08-19T14:19:32.701749+03:00,2025-08-19T14:56:32.696710+03:00
90,"""מלכודת מוות"": נועם ז""ל נהרג בתאונת אופנוע, משפחתו תובעת מיליונים מהמועצה המקומית","משפחתו של בן ה-15, שנהרג לפני כ-5 חודשים, הגישה תביעת נזיקין על סך כ-6 מיליון ו-300 אלף שקלים נגד המועצה האזורית גזר וועד המושב פתחיה • לטענת ההורים, ""הגורמים האחראים הציבו מחסום ברזל מסוכן, ללא שילוט וללא היתר"" • על בנם הם סיפרו: ""ילד עם לב ענק, מפיץ אור"" • המועצה האזורית גזר בתגובה: ""כשנקבל את כתב התביעה נבחן את פרטיו""",https://www.mako.co.il/news-israel/2025_q3/Article-5068fa6f2655891026.htm,n12,2025-07-29T16:14:00,2025-07-30T00:30:00.216301
91,"צדק תרדוף: ביתו של המחבל שרצח את יהושע שמחה הי""ד ייהרס",,https://www.c14.co.il/article/1298334,channel14,2025-08-18T22:20:00+03:00,2025-08-19T14:56:32.696710+03:00
92,"""המכה הבאה תהיה הרבה יותר קשה"": השר ברקת באיום ישיר לאיראן",,https://www.c14.co.il/article/1297915,channel14,2025-08-18T17:28:00+03:00,2025-08-19T14:56:32.696710+03:00
93,דווקא עכשיו: חופים בתל אביב ייסגרו באמצע הקיץ בגלל מחסור במצילים,"מתוך 66 תקנים למצילים בעיר, רק 59 מאוישים והמצילים שנשארו עובדים במשמרות של 12 שעות תחת עומס חום קיצוני. פורום רשויות החוף מזהיר מ""מצוקת כוח אדם ארצית"" ומחוסר יכולת לאכוף איסור רחצה בחופים סגורים. העירייה: ""בימי שישי ושבת כל תחנות ההצלה פועלות""",https://www.mako.co.il/news-israel/2025_q3/Article-ced242b93ba4891027.htm,n12,2025-07-27T08:11:00,2025-07-29T16:04:55.843915
94,"במהפך דרמטי: מכבי ת""א גברה 1:2 על האמרון ספרטנס במלטה",אתמול 22:08,https://www.c14.co.il/article/1288175,channel14,2025-08-05T21:25:00,2025-08-06T20:41:24.318228
94,"במהפך דרמטי: מכבי ת""א גברה 1:2 על האמרון ספרטנס במלטה",05.08.25,https://www.c14.co.il/article/1288175,channel14,,2025-08-07T15:06:33.358207
95,"לשכת רה""מ: ""צה״ל ערוך למימוש כל החלטה שתתקבל""",האם הפעם ישראל תלך עד הסוף בעזה?,https://www.c14.co.il/article/1288058,channel14,2025-08-05T18:55:05.577551,2025-08-05T19:55:05.577551
96,ספורט,,https://www.c14.co.il/article/article/article/article/1287990,channel14,,2025-08-05T19:55:05.580079
97,"האסון בביה""ח אסף הרופא: בן 35 יצא לקנות מים לאשתו ההרה - ונהרג מקריסת עץ","לוחמי אש חילצו את הלכוד בשטח המרכז הרפואי, אך מותו של הגבר נקבע בזירה • אסף הרופא: הנסיבות נבדקות לעומק, משתתפים בצער המשפחה",https://www.mako.co.il/news-israel/2025_q3/Article-5f0aaf81d025891026.htm,n12,2025-07-28T18:22:00,2025-07-29T16:04:55.843915
98,במשחק הכנה ליורובאסקט: נבחרת ישראל נכנעה 93:81 לאסטוניה,אתמול 21:25,https://www.c14.co.il/article/1288219,channel14,2025-08-05T18:00:00,2025-08-06T20:41:24.318228
98,במשחק הכנה ליורובאסקט: נבחרת ישראל נכנעה 93:81 לאסטוניה,05.08.25,https://www.c14.co.il/article/1288219,channel14,,2025-08-07T15:06:33.358207
99,"אורן סמדג'ה פותח הכול בריאיון מיוחד: על החיים כאב שכול, הסיבה שעזב את איגוד הג'ודו - והאם נראה אותו בפוליטיקה?","כמה חודשים אחרי שעזב את איגוד הג'ודו בטריקת דלת - מאמן הנבחרת המיתולוגי מספר על מה שהוביל להחלטה: ""בזמן שהדם של הבן שלי עוד לא התייבש בקבר אני מוצא את עצמי בשימועים"" • בינתיים - הוא לומד לחיות כאב שכול (""אמרו שהזמן ירפא, אבל הוא לא""), מסמן מטרות להמשך (""כבר קיבלתי כמה הצעות להיכנס לפוליטיקה"") וממשיך לעודד את החיילים (""אם נכפתה עלינו המלחמה הזאת - ננצח אותה"")",https://www.mako.co.il/news-israel/2025_q3/Article-a2f8244eb4f3891026.htm,n12,2025-07-25T12:05:00,2025-07-29T16:04:55.844915
100,המחבל לשעבר טוען: זו הדרך להביא לשחרור החטופים מידי חמאס,"מהחינוך לשנאת יהודים בג'נין, ועד לחיים ברמת גן | צפו בריאיון",https://www.c14.co.il/article/1289040,channel14,2025-08-06T17:41:24.317228,2025-08-06T20:41:24.317228
100,"גורשו מגוש קטיף - וחזרו לשם כלוחמים: ""כל פעם התחושה מעורבת""",צפו בריאיון המלא בוועידת מגזין 14,https://www.c14.co.il/article/1290481,channel14,2025-08-10T11:30:16.064351,2025-08-10T12:30:16.064351
101,"שופטי בג""ץ בביקורת חסרת תקדים נגד מדיניות בן גביר בבתי הכלא",,https://www.c14.co.il/article/1298549,channel14,2025-08-19T10:56:32.706899+03:00,2025-08-19T14:56:32.696710+03:00
101,"השר בן גביר תוקף את בג""ץ: ""אמירות שמסכנות את ביטחון המדינה""",השר הצהיר: הנוח'בות ויתר המרצחים השפלים לא יקבלו שום ביקור,https://www.c14.co.il/article/1298538,channel14,2025-08-19T14:06:32.701749+03:00,2025-08-19T14:56:32.696710+03:00
102,"גידי גוב סירב להגיב על מכתב האומנים ב""סטורי לילה"" - וניתק",06:38,https://www.c14.co.il/article/1288368,channel14,,2025-08-06T20:41:24.317228
103,בריאות,‌,https://www.c14.co.il/article/1297216,channel14,,2025-08-19T14:56:32.696710+03:00
103,בריאות,,https://www.c14.co.il/article/article/article/article/article/article/article/1287793,channel14,,2025-08-05T19:55:05.580863
104,אביו של רום ברסלבסקי: רואה את הילד שלי גוסס מול העיניים ולא יכול לעשות כלום,"אופיר ברסלבסקי, אביו של רום החטוף בעזה, התייחס לסרטון האחרון שפרסם חמאס ואמר בריאיון ל""מהדורה המרכזית"" כי בנו עובר עינויים קשים ונמצא בסכנת חיים מיידית • ""אין עוד מה להגיד. צריך לשנות את האסטרטגיה ולעשות הסכם עכשיו"", אמר",https://www.mako.co.il/news-israel/2025_q3/Article-e0318f040017891026.htm,n12,2025-08-03T20:35:00,2025-08-06T20:41:23.919212
104,"683 ימים בשבי: אבא של רום ברסלבסקי קורא לו: ""תחזיק מעמד, בכוחותיך האחרונים""","רום ברסלבסקי מירושלים נחטף ממסיבת הנובה ונמצא בשבי כבר 683 ימים • הג'יהאד האסלאמי פרסם לפני כשלושה שבועות תיעוד קשה לצפייה שבו רום בוכה ונראה מורעב בשבי • ""החטופים גוססים שם, הם נראים כמו בשואה והמנהיגים שלנו מדברים על כיבוש עזה"", אומר אופיר אבא של רום וקורא לו: ""תחזיק מעמד""",https://www.mako.co.il/news-israel/2025_q3/Article-8446fdf227fb891026.htm,n12,2025-08-19T04:31:00,2025-08-19T14:56:32.256718
105,"חייל המילואים אריאל מאיר טמן ז""ל אותר ללא רוח חיים בביתו","טמן ז""ל עשה מילואים מאז 7 באוקטובר, ועסק בזיהוי גופות • קיים חשד כי טמן התאבד • המשטרה הצבאית הודיעה על פתיחה בחקירת המקרה",https://www.mako.co.il/news-israel/2025_q3/Article-3d128a2b8105891027.htm,n12,2025-07-28T09:46:00,2025-07-29T16:04:55.843915
106,"ינון מגל: ""חמאס שטנים - חשדהו, חשדהו והשמידהו""",,https://www.c14.co.il/article/1298346,channel14,2025-08-18T22:41:00+03:00,2025-08-19T14:56:32.696710+03:00
107,"""זה נראה ממש אמין"": הונאת ה-AI שהפילה רבים בפח","תלונות רבות של ישראלים על תרמיות מתוחכמות ברשתות החברתיות התאספו לאחרונה ברשויות השונות • בין אם אלו פוסטים שמציגים סיפור מרגש ומבקשים תרומה, או מודעות שמציעות תרופה שלא קיימת תוך שימוש בבינה מלאכותית ומתבררות כעוקץ • אז כיצד עובדת השיטה, איך תגלו אם גם אתם נעקצתם - ומה כדאי לעשות אם כן • כל הפרטים",https://www.mako.co.il/news-israel/2025_q3/Article-5164525d1d17891027.htm,n12,2025-08-04T05:40:00,2025-08-06T20:41:23.919212
108,"""מתוך תחושת שליחות"": חילופי מפקדים בחטיבת פארן",12:40,https://www.c14.co.il/article/1288675,channel14,,2025-08-06T20:41:24.317228
109,"הרצוג בפגישה עם נשיא אסטוניה: ""אל תפלו לשקרים של חמאס""",לפני 4 שעות,https://www.c14.co.il/article/1288895,channel14,2025-08-06T15:41:24.317228,2025-08-06T20:41:24.317228
109,"הרצוג בפגישה עם נשיא אסטוניה: ""אל תפלו לשקרים של חמאס""",אתמול 16:00,https://www.c14.co.il/article/1288895,channel14,,2025-08-07T15:06:33.357209
110,"רביב דרוקר משקר: הרדיפה נגד ראש השב""כ המיועד דוד זיני","זיני חובש כיפה ומונה ע""י נתניהו - וזה מוציא את השמאל מדעתו",https://www.c14.co.il/article/1289418,channel14,,2025-08-07T15:06:33.354212
111,חוסל מחבל שאסף מודיעין על לוחמינו בלבנון,אתמול 22:36,https://www.c14.co.il/article/1290289,channel14,2025-08-09T21:00:00,2025-08-10T12:30:16.065351
111,בכיר בציונות הדתית: אם החלטת הקבינט לא תשתנה - נלך לבחירות,אתמול 22:36,https://www.c14.co.il/article/1290288,channel14,2025-08-09T21:47:00,2025-08-10T12:30:16.066351
112,"הלילה: שריפה פרצה במבנה חקלאי סמוך לאגמון החולה, אין נפגעים",08:52,https://www.c14.co.il/article/1289451,channel14,,2025-08-07T15:06:33.360208
113,נקבע מותה של ילדה כבת 4 שנשכחה ברכב,"הילדה הובאה למרפאה מקומית בערערה בנגב אחרי ששהתה זמן ממושך ברכב • היא סבלה מכוויות חמורות בגופה • ""מדובר במקרה מזעזע. לצערנו, נאלצנו לקבוע את מותה"", סיפרו חובשי מד""א",https://www.mako.co.il/news-israel/2025_q3/Article-0be58ff52d8a891026.htm,n12,2025-08-14T15:00:00,2025-08-19T14:56:32.256718
114,"תרגיל פתע יתקיים לבחינת מוכנות המטכ""ל ומפקדות ראשיות בצה""ל",05:58,https://www.c14.co.il/article/1290380,channel14,2025-08-09T22:36:00,2025-08-10T12:30:16.065351
115,השחקן אלון אבוטבול התמוטט בחוף הבונים ומת אחרי פעולות החייאה,"אבוטבול התמוטט ואיבד את הכרתו על החוף, ככל הנראה על רקע אירוע לב • גורמי רפואה קבעו את מותו לאחר פעולות ההחייאה",https://www.mako.co.il/news-israel/2025_q3/Article-7466f8b66f45891027.htm,n12,2025-07-29T08:04:00,2025-07-29T16:04:55.843915
116,"בפעם השנייה היום: דובר צה""ל בערבית בהודעת פינוי לתושבי עזה",13:33,https://www.c14.co.il/article/1288743,channel14,,2025-08-06T20:41:24.316228
116,"הגיוס, האתגרים ותקתוק השעון להכרעה: כיצד צה""ל ישתלט על עזה?","המפתח להכרעת חמאס הוא השתלטות מהירה על צמתים המרכזיים, אך האתגר העיקרי והמורכב ביותר נותר פינוי האוכלוסייה האזרחית מהשטח",https://www.c14.co.il/article/1290469,channel14,NaT,2025-08-10T12:30:16.063351
117,"בשוק ""מחנה יהודה"" טוענים להתעמרות מעיריית ירושלים: ""קשישה עצרה לנוח אצלי בעסק - הפקחים נתנו לי דוח""","בעלי עסקים מספרים שבשיא העונה החמה בבירה בעירייה פתחו במבצע אכיפה מוגברת • לדבריהם, מחלקים להם ""דוחות הזויים"" • באחד המקרים, שתועד במצלמות האבטחה, פקחים נתנו דוח בגלל שולחן שחרג בסנטימטר: ""הפקח אמר לי - תגיש ערעור"" • רכז ""תגלית"": ""לא אמשיך להביא קבוצות לשוק, אווירה לא מכבדת ולא מזמינה""",https://www.mako.co.il/news-israel/2025_q3/Article-95dea324b6e7891026.htm,n12,2025-08-06T12:09:00,2025-08-06T20:41:23.919212
118,בחיפוש בצפון השומרון: כוחותינו תפסו רובה ציד עם 800 כדורים,"שני חשודים נעצרו; בנוסף, אותרו סיגריות מזויפות",https://www.c14.co.il/article/1288101,channel14,2025-08-05T19:22:05.577551,2025-08-05T19:55:05.577551
119,"עודד מנשה: ""צריך להמשיך לחזק את לפיד"" | צפו","לדבריו, יש לשלוח פרחים ליו""ר יש עתיד",https://www.c14.co.il/article/1290611,channel14,2025-08-10T12:25:16.064351,2025-08-10T12:30:16.064351
120,"אימו של אוריאל נורי ז""ל שהותקף למוות בידי נמר בריאיון: ""הוא הגיע לגן החיות לא במקרה – החברה נידתה אותו""","אחרי האירוע הקשה בגן החיות התנ""כי, שבו הותקף למוות אוריאל נורי ז""ל בידי נמר, אימו אילנית התראיינה למהדורת ""12 בצוהריים"" • ""הוא עבר הרבה בחיים. הוא סבל ממחלת עור שבגללה גם הצבא לא רצה לגייס אותו"", סיפרה • ""בגן החיות הוא הרגיש שייך, הוא פרח שם – נסע לכנסים בארץ ובעולם"" • גן החיות יישאר סגור למבקרים גם מחר: ""הצוות ימשיך לעבד את האבל""",https://www.mako.co.il/news-israel/2025_q3/Article-94d86af1e307891026.htm,n12,2025-08-03T15:55:00,2025-08-06T20:41:23.919212
121,"מרצה בכיר לחינוך: ""מי שמתגייס לסיירת מטכ""ל - רוצח""",אתמול 20:45,https://www.c14.co.il/article/1289208,channel14,2025-08-06T18:55:00,2025-08-07T15:06:33.357209
121,"אמברגו הנשק על ישראל: רה""מ נתניהו שוחח עם קנצלר גרמניה",אתמול 20:43,https://www.c14.co.il/article/1290177,channel14,NaT,2025-08-10T12:30:16.066351
122,"670 יום בשבי: ""התיעודים של החטופים היו אמורים להרעיד את המדינה ולהוציא את כולם לרחובות""","החטופים עדיין בעזה והמשפחות מזהירות: הרחבת הלחימה מסכנת את חייהם • אחייניתו של החטוף דרור אור ז""ל: ""כיבוש הרצועה יפגע בחיים וגם בחללים"" • היא הביעה זעזוע מהתיעודים: ""איך אפשר להישאר אדישים?"" • בת ה-15 הזהירה: חברי הקואליציה מסיטים את תשומת הלב של הציבור ממה שחשוב באמת",https://www.mako.co.il/news-israel/2025_q3/Article-bab656366bd7891026.htm,n12,2025-08-06T07:25:00,2025-08-06T20:41:23.919212
122,"מאות הפגינו נגד כיבוש עזה: ""אם תקריבו את החטופים - אנחנו נשתגע""","בעוד ההנהגה הביטחונית תתכנס מחר להכריע את עתיד הלחימה בעזה, מחוץ לשערי הקריה התכנסה מחאה סוערת של בני משפחות החטופים, שורדי שבי ומאות אזרחים • המפגינים קראו לעצור את המהלך הצבאי ולהעדיף את הנתיב המדיני • ""כיבוש הרצועה עלול להביא לאובדן חייהם של יקירינו"", זעק דני מירן, שבנו עומרי עדיין מוחזק בידי מחבלי חמאס",https://www.mako.co.il/news-israel/2025_q3/Article-ec6eb7658708891026.htm,n12,2025-08-06T19:19:00,2025-08-07T15:06:32.999619
122,"מאות הפגינו נגד כיבוש עזה: ""אם תקריבו את החטופים - אנחנו נשתגע""","בעוד ההנהגה הביטחונית תתכנס מחר להכריע את עתיד הלחימה בעזה, מחוץ לשערי הקריה התכנסה מחאה סוערת של בני משפחות החטופים, שורדי שבי ומאות אזרחים • המפגינים קראו לעצור את המהלך הצבאי ולהעדיף את הנתיב המדיני • ""כיבוש הרצועה עלול להביא לאובדן חייהם של יקירינו"", זעק דני מירן, שבנו עומרי עדיין מוחזק בידי מחבלי חמאס",https://www.mako.co.il/news-israel/2025_q3/Article-ec6eb7658708891026.htm,n12,2025-08-06T19:19:00,2025-08-07T15:06:32.999619
123,"סתימת הפיות נמשכת: בבית החולים רמב""ם נאסר לצפות בערוץ 14","ההסבר שנמסר: ""הצפייה בערוץ פוגעת ברגשות העובדים הערבים""",https://www.c14.co.il/article/1287866,channel14,2025-08-05T17:55:05.576552,2025-08-05T19:55:05.576552
124,"זעקת האב לשני לוחמים בעזה שאחד מהם נפצע קשה: ""השחיקה בנפש שלהם נוראית""","אילן גרין שיתף בריאיון נוקב ב""אולפן שישי"" על השחיקה בנפש ובגוף החיילים הצעירים בעזה: ""הם כבר לא מבינים מה הם עושים שם ועל מה הם נלחמים"" • גרין לא חסך בביקורת גם בנושא החטופים: ""שרים בממשלה מתגאים בכך שהם הצליחו להשאיר ישראלים בשבי חמאס"" • על הבן הפצוע: שבועיים וחצי היה בתרדמת, ביום שלישי האחרון, בפעם הראשונה - הוא פקח עיניים. צאו לרחובות, לא תהיה פעם שנייה",https://www.mako.co.il/news-israel/2025_q3/Article-4c961c23e434891026.htm,n12,2025-07-26T14:20:00,2025-07-29T16:04:55.843915
125,אחרי שנה ו-8 חודשים: רחל מאופקים חוזרת לביתה,"במשך כ-20 שעות, הוחזקו רחל ודוד אדרי כבני ערובה על ידי מחבלי חמאס שפלשו לישראל בשבעה באוקטובר. השניים חולצו בשלום, אך הבית נשאר במצב נוראי, מכוסה בדם וחורים של קליעים. כמעט שנתיים לאחר מכן, וללא הבעל שהלך לעולמו, רחל שבה לביתה ששופץ וסיפרה לצוות של ""לילה טוב עם גיא פינס"" על השמחה המהולה בעצב",https://www.mako.co.il/news-israel/2025_q3/Article-b7d92a642b84891027.htm,n12,2025-07-26T22:54:00,2025-07-29T16:04:55.843915
126,"בן 75 נעלם עם הרכב - איתוראן סירבו לחשוף את מיקומו: ""היה יכול להגיע לעזה""","לדברי משפחתו מדובר באדם דמנטי שיצא לפני כמה ימים מביתו עם הרכב ונעלם לשעות ארוכות • חברת איתוראן דרשה מהמשפחה אישור משטרה חתום בידי שוטר בדרגת סגן ניצב ממרחב ספציפי - שלדבריהם מהווה נוהל של המדינה לשמירה על פרטיות הלקוח • לבסוף הוא אותר ליד ניר עוז, תשוש, מיובש, מבולבל כשכמעט ונגמר לו הדלק",https://www.mako.co.il/news-israel/2025_q3/Article-061338cc70b4891027.htm,n12,2025-07-28T12:01:00,2025-07-29T16:04:55.843915
127,חשד חמור בירושלים: ספר כלבים ביצע מעשים מגונים בקטינות,לפני 3 שעות,https://www.c14.co.il/article/1287867,channel14,2025-08-05T15:55:05.586286,2025-08-05T19:55:05.586286
128,וואטסאפ יוצאת למלחמה בנוכלים - תוך שימוש ב-ChatGPT,אפליקציית המסרים המיידיים משיקה תכונות חדשות,https://www.c14.co.il/article/1288770,channel14,,2025-08-06T20:41:24.315230
129,לוחמינו איתרו והשמידו תוואי תת-קרקעי באורך של כ-2 קילומטרים,"במהלך הפעילות, אותר מצבור נשק שכלל פצצות מרגמה",https://www.c14.co.il/article/1287943,channel14,2025-08-05T17:55:05.577551,2025-08-05T19:55:05.577551
130,"המתפללים הגיעו לבית הכנסת ונדהמו - החשמל נותק: ""העירייה רוצה להוציא אותנו""","המתפללים הגיעו כמדי שבת לבית הכנסת, וגילו שהחשמל נותק - ואין אפשרות לקיים את התפילה • ""נאלצנו לבטל את התפילות, העירייה רוצה להעביר את המבנה לשימוש של קהילה אחרת"", סיפר אחד המתפללים • בעיריית צפת לא השיבו לטענות, ומסרו: ""העירייה לא אחראית על ניתוקים וחיבורי חשמל""",https://www.mako.co.il/news-israel/2025_q3/Article-8d8d35c9747b891026.htm,n12,2025-08-17T12:37:00,2025-08-19T14:56:32.256718
131,"הפגנות משפחות חטופים, הלומי קרב - ואירועי תרבות: המשטרה בכוננות שיא","משטרת תל אביב נערכת לערב מורכב במיוחד עם שורת הפגנות ואירועים המוניים שיתקיימו במקביל • מאות רבות של שוטרים ולוחמי מג""ב יתפרסו בעיר, כולל תגבור של כיתות כוננות • גורם במשטרה: ""אנחנו מלווים את משפחות החטופים כמעט שנתיים אבל לא ניתן לשבש את הסדר"" • חשש מפקקי ענק במרכז",https://www.mako.co.il/news-israel/2025_q3/Article-393ef57be148891026.htm,n12,2025-08-07T12:27:00,2025-08-07T15:06:32.999619
131,"נתיבי איילון נחסמו לתנועה במחאה לא חוקית, עימותים בין שוטרים למפגינים בי-ם","המשטרה בכוננות שיא לקראת 3 הפגנות שונות במקביל: הפגנת משפחות חטופים, הפגנת הלומי הקרב והפגנת חרדים קיצוניים • באיילון דרום הצליחו המפגינים הלומי הקרב לרדת לכביש ולחסום אותו • עינב צנגאוקר קראה לציבור להגיע מחוץ לישיבת הקבינט: ""נתניהו שיקר לי""",https://www.mako.co.il/news-israel/2025_q3/Article-e91dba1f3f48891027.htm,n12,2025-08-07T15:28:00,2025-08-10T12:30:15.687492
132,"חוסלה החווה ליד פצאל, 262 תנינים נורו למוות","התנינים בחווה, שהוקמה לפני כ-30 שנה במטרה לייצא את עורותיהם, סבלו מהזנחה ומגישה לא מספקת למזון • בתקופה האחרונה אף פורסמו סרטונים של צעירים שהסתננו לשטח החווה והתעללו בתנינים • במתפ""ש ציינו כי במשך שנים ניסו לקדם פתרונות, אך בשל הסכנה המיידית והממשית לחיי אדם - הובהר כי יש לטפל בסיכון באופן מיידי",https://www.mako.co.il/news-israel/2025_q3/Article-908bea8c8547891026.htm,n12,2025-08-04T11:14:00,2025-08-06T20:41:23.919212
133,"""אף אחד לא הקשיב"": מילנה בת ה-12 שמה קץ לחייה, אימה סופדת בכאב","""התחננתי שלא ישחררו אותה מהאשפוז אבל אף אחד לא הקשיב"", אומרת אימה של מילנה • האם חושפת בכאב שהמשפחה עלתה לארץ לפני חמש שנים והיא ובעלה נפרדו: ""אבא שלה ניתק קשר"" • בפעם הקודמת שמילנה וחברתה ניסו לשים קץ לחייהם הן אולצו להתאשפז, אך הצליחו לברוח",https://www.mako.co.il/news-israel/2025_q3/Article-400a40d5b157891026.htm,n12,2025-08-04T14:20:00,2025-08-06T20:41:23.919212
134,"רב חרדי שבנו בחשמונאים: ""יש מאמץ מיוחד לתת את כל התנאים""",אתמול 18:55,https://www.c14.co.il/article/1289179,channel14,2025-08-06T18:00:00,2025-08-07T15:06:33.357209
134,"רב חרדי שבנו בחשמונאים: ""יש מאמץ מיוחד לתת את כל התנאים""","לדבריו, ""המעטפת שניתנת שם, זו תחושת ביטחון להורים חרדים""",https://www.c14.co.il/article/1289179,channel14,2025-08-06T19:41:24.315230,2025-08-06T20:41:24.315230
135,לוחמי המחזור הראשון של חטיבת חשמונאים סיימו את הכשרתם,לפני 5 שעות,https://www.c14.co.il/article/1288837,channel14,,2025-08-06T20:41:24.316228
136,20 שנה אחרי: תושבי היישוב שנעקר בגירוש - חוזרים הביתה,הם החלו בפעולות ניקוי והכשרה לקראת השיבה המתוכננת,https://www.c14.co.il/article/1289466,channel14,2025-08-07T10:06:33.355213,2025-08-07T15:06:33.355213
137,גבר נהרג בהתרסקות מצנח רחיפה ממונע סמוך לחוף ארגמן בנתניה,"מצנח הרחיפה הממונע נפל ככל הנראה מגובה של כ-20 מטרים - ישירות אל תוך הים • עדי ראייה שהיו במקום סיפרו כי משו את הגבר מהמים כשהוא מחוסר הכרה - ללא דופק וללא נשימה • צוות מד""א שהוזעק למקום קבע את מותו, הרקע והנסיבות בבדיקה",https://www.mako.co.il/news-israel/2025_q3/Article-d1a452786824891026.htm,n12,2025-07-25T18:40:00,2025-07-29T16:04:55.844915
138,"682 ימים בשבי - אחותו של ביפין ג'ושי: ""בבקשה אל תשכחו את אחי""","משפחתו של החטוף הנפאלי הגיעה לישראל כדי להשמיע את קולם במאבק למען השבת החטופים • פושפה, אחותו של ביפין, אמרה ל-N12: ""תודה מעומק הלב לכל מי שלוקח חלק במאבק להשבת החטופים, אתם נותנים לנו כוח ותקווה""",https://www.mako.co.il/news-israel/2025_q3/Article-b764ff5c1abb891027.htm,n12,2025-08-18T06:55:00,2025-08-19T14:56:32.256718
